season,poll,week,poll_date,rank,school,first_place_votes
2026,AP,4,2026-09-27,1,Texas (4 0),62
2026,AP,4,2026-09-27,2,Georgia (4 0),6
2026,AP,4,2026-09-27,3,Notre Dame (4 0),0
2026,AP,4,2026-09-27,4,Miami (FL) (4 0),0
2026,AP,4,2026-09-27,5,Ohio State (3 1),0
2026,AP,4,2026-09-27,6,Indiana (4 0),1
2026,AP,4,2026-09-27,7,Alabama (4 0),0
2026,AP,4,2026-09-27,8,Florida (4 0),0
2026,AP,4,2026-09-27,9,Ole Miss (3 1),0
2026,AP,4,2026-09-27,10,BYU (3 0),0
2026,AP,4,2026-09-27,11,LSU (3 1),0
2026,AP,4,2026-09-27,12,Texas Tech (4 0),0
2026,AP,4,2026-09-27,13,Utah (4 0),0
2026,AP,4,2026-09-27,14,Iowa (4 0),0
2026,AP,4,2026-09-27,15,Oregon (3 1),0
2026,AP,4,2026-09-27,16,Mississippi State (4 0),0
2026,AP,4,2026-09-27,17,Tennessee (3 1),0
2026,AP,4,2026-09-27,18,USC (4 1),0
2026,AP,4,2026-09-27,19,Oklahoma State (3 1),0
2026,AP,4,2026-09-27,20,Houston (3 1),0
2026,AP,4,2026-09-27,21,SMU (3 1),0
2026,AP,4,2026-09-27,22,Boise State (3 1),0
2026,AP,4,2026-09-27,23,UCLA (4 0),0
2026,AP,4,2026-09-27,24,Kentucky (3 1),0
2026,AP,4,2026-09-27,25,Missouri (3 1),0
