homeTeam,awayTeam,startDateEastern,week,predicted_lowest_price,optimal_purchase_date,optimal_purchase_time
Iowa State,Kansas State,2025-08-23 12:00:00-04:00,1,87.23,2025-08-22,06:00
Kansas,Fresno State,2025-08-23 18:30:00-04:00,1,47.16,2025-08-22,06:00
Western Kentucky,Sam Houston,2025-08-23 19:00:00-04:00,1,104.08,2025-08-22,06:00
Hawai'i,Stanford,2025-08-23 19:30:00-04:00,1,105.73,2025-08-22,06:00
San Diego State,Stony Brook,2025-08-28 00:00:00-04:00,1,65.55,2025-08-27,06:00
South Florida,Boise State,2025-08-28 17:30:00-04:00,1,71.08,2025-08-27,06:00
Rutgers,Ohio,2025-08-28 18:00:00-04:00,1,74.11,2025-08-27,06:00
Bowling Green,Lafayette,2025-08-28 18:00:00-04:00,1,80.27,2025-08-27,06:00
UCF,Jacksonville State,2025-08-28 19:00:00-04:00,1,72.45,2025-08-27,06:00
UL Monroe,St. Francis (PA),2025-08-28 19:00:00-04:00,1,105.73,2025-08-27,06:00
NC State,East Carolina,2025-08-28 19:00:00-04:00,1,79.38,2025-08-27,06:00
Akron,Wyoming,2025-08-28 19:00:00-04:00,1,82.04,2025-08-27,06:00
Delaware,Delaware State,2025-08-28 19:00:00-04:00,1,96.28,2025-08-27,06:00
Missouri,Central Arkansas,2025-08-28 19:30:00-04:00,1,110.61,2025-08-27,06:00
Oklahoma State,UT Martin,2025-08-28 19:30:00-04:00,1,70.73,2025-08-27,06:00
Duke,Elon,2025-08-28 19:30:00-04:00,1,100.51,2025-08-27,06:00
Minnesota,Buffalo,2025-08-28 20:00:00-04:00,1,80.72,2025-08-27,06:00
Houston,Stephen F. Austin,2025-08-28 20:00:00-04:00,1,56.73,2025-08-27,06:00
UAB,Alabama State,2025-08-28 20:30:00-04:00,1,62.48,2025-08-27,06:00
Wisconsin,Miami (OH),2025-08-28 21:00:00-04:00,1,75.37,2025-08-27,06:00
Cincinnati,Nebraska,2025-08-28 21:00:00-04:00,1,68.14,2025-08-27,06:00
Army,Tarleton State,2025-08-29 18:00:00-04:00,1,87.79,2025-08-28,06:00
Charlotte,App State,2025-08-29 19:00:00-04:00,1,113.23,2025-08-28,06:00
Michigan State,Western Michigan,2025-08-29 19:00:00-04:00,1,57.25,2025-08-28,06:00
Wake Forest,Kennesaw State,2025-08-29 19:00:00-04:00,1,80.38,2025-08-28,06:00
Florida International,Bethune-Cookman,2025-08-29 19:00:00-04:00,1,96.37,2025-08-28,06:00
Illinois,Western Illinois,2025-08-29 19:30:00-04:00,1,86.55,2025-08-28,06:00
Kansas,Wagner,2025-08-29 19:30:00-04:00,1,47.16,2025-08-28,06:00
Colorado,Georgia Tech,2025-08-29 20:00:00-04:00,1,98.96,2025-08-28,06:00
Baylor,Auburn,2025-08-29 20:00:00-04:00,1,52.75,2025-08-28,06:00
Sam Houston,UNLV,2025-08-29 21:30:00-04:00,1,95.67,2025-08-28,06:00
San José State,Central Michigan,2025-08-29 22:30:00-04:00,1,105.73,2025-08-28,06:00
Ohio State,Texas,2025-08-30 12:00:00-04:00,1,91.85,2025-08-29,06:00
Kent State,Merrimack,2025-08-30 12:00:00-04:00,1,84.34,2025-08-29,06:00
Navy,VMI,2025-08-30 12:00:00-04:00,1,71.77,2025-08-29,06:00
Purdue,Ball State,2025-08-30 12:00:00-04:00,1,86.93,2025-08-29,06:00
Tulane,Northwestern,2025-08-30 12:00:00-04:00,1,82.04,2025-08-29,06:00
Pittsburgh,Duquesne,2025-08-30 12:00:00-04:00,1,68.79,2025-08-29,06:00
Southern Miss,Mississippi State,2025-08-30 12:00:00-04:00,1,80.08,2025-08-29,06:00
Syracuse,Tennessee,2025-08-30 12:00:00-04:00,1,75.74,2025-08-29,06:00
Maryland,Florida Atlantic,2025-08-30 12:00:00-04:00,1,72.73,2025-08-29,06:00
Kentucky,Toledo,2025-08-30 12:45:00-04:00,1,71.09,2025-08-29,06:00
West Virginia,Robert Morris,2025-08-30 14:00:00-04:00,1,72.96,2025-08-29,06:00
UConn,Central Connecticut,2025-08-30 14:00:00-04:00,1,56.73,2025-08-29,06:00
Boston College,Fordham,2025-08-30 14:00:00-04:00,1,61.92,2025-08-29,06:00
Indiana,Old Dominion,2025-08-30 14:30:00-04:00,1,67.57,2025-08-29,06:00
Louisville,Eastern Kentucky,2025-08-30 15:00:00-04:00,1,71.09,2025-08-29,06:00
Iowa State,South Dakota,2025-08-30 15:30:00-04:00,1,92.7,2025-08-29,06:00
Penn State,Nevada,2025-08-30 15:30:00-04:00,1,80.78,2025-08-29,06:00
Massachusetts,Temple,2025-08-30 15:30:00-04:00,1,105.73,2025-08-29,06:00
Georgia,Marshall,2025-08-30 15:30:00-04:00,1,77.11,2025-08-29,06:00
Air Force,Bucknell,2025-08-30 15:30:00-04:00,1,75.68,2025-08-29,06:00
Florida State,Alabama,2025-08-30 15:30:00-04:00,1,72.78,2025-08-29,06:00
Northern Illinois,Holy Cross,2025-08-30 15:30:00-04:00,1,105.73,2025-08-29,06:00
Oregon,Montana State,2025-08-30 16:00:00-04:00,1,75.46,2025-08-29,06:00
Liberty,Maine,2025-08-30 16:00:00-04:00,1,84.34,2025-08-29,06:00
Arkansas,Alabama A&M,2025-08-30 16:15:00-04:00,1,79.13,2025-08-29,06:00
Memphis,Chattanooga,2025-08-30 16:30:00-04:00,1,97.67,2025-08-29,06:00
Oklahoma,Illinois State,2025-08-30 18:00:00-04:00,1,57.01,2025-08-29,06:00
Virginia,Coastal Carolina,2025-08-30 18:00:00-04:00,1,89.95,2025-08-29,06:00
James Madison,Weber State,2025-08-30 18:00:00-04:00,1,69.1,2025-08-29,06:00
Iowa,UAlbany,2025-08-30 18:00:00-04:00,1,64.17,2025-08-29,06:00
Texas A&M,UTSA,2025-08-30 19:00:00-04:00,1,54.54,2025-08-29,06:00
Arkansas State,Southeast Missouri State,2025-08-30 19:00:00-04:00,1,84.28,2025-08-29,06:00
Vanderbilt,Charleston Southern,2025-08-30 19:00:00-04:00,1,76.38,2025-08-29,06:00
Florida,Long Island University,2025-08-30 19:00:00-04:00,1,72.69,2025-08-29,06:00
Western Kentucky,North Alabama,2025-08-30 19:00:00-04:00,1,88.76,2025-08-29,06:00
Middle Tennessee,Austin Peay,2025-08-30 19:00:00-04:00,1,93.74,2025-08-29,06:00
Kansas State,North Dakota,2025-08-30 19:00:00-04:00,1,49.76,2025-08-29,06:00
South Alabama,Morgan State,2025-08-30 19:00:00-04:00,1,94.43,2025-08-29,06:00
Troy,Nicholls,2025-08-30 19:00:00-04:00,1,60.25,2025-08-29,06:00
Utah State,UTEP,2025-08-30 19:30:00-04:00,1,105.73,2025-08-29,06:00
Texas Tech,Arkansas-Pine Bluff,2025-08-30 19:30:00-04:00,1,58.46,2025-08-29,06:00
Michigan,New Mexico,2025-08-30 19:30:00-04:00,1,109.96,2025-08-29,06:00
Clemson,LSU,2025-08-30 19:30:00-04:00,1,83.54,2025-08-29,06:00
USC,Missouri State,2025-08-30 19:30:00-04:00,1,86.67,2025-08-29,06:00
Louisiana Tech,SE Louisiana,2025-08-30 19:30:00-04:00,1,79.29,2025-08-29,06:00
Ole Miss,Georgia State,2025-08-30 19:45:00-04:00,1,100.19,2025-08-29,06:00
North Texas,Lamar,2025-08-30 20:00:00-04:00,1,101.55,2025-08-29,06:00
Tulsa,Abilene Christian,2025-08-30 20:00:00-04:00,1,82.04,2025-08-29,06:00
BYU,Portland State,2025-08-30 20:00:00-04:00,1,68.53,2025-08-29,06:00
Texas State,Eastern Michigan,2025-08-30 20:00:00-04:00,1,82.04,2025-08-29,06:00
Louisiana,Rice,2025-08-30 20:00:00-04:00,1,89.33,2025-08-29,06:00
New Mexico State,Bryant,2025-08-30 21:00:00-04:00,1,81.89,2025-08-29,06:00
SMU,East Texas A&M,2025-08-30 21:00:00-04:00,1,61.23,2025-08-29,06:00
Fresno State,Georgia Southern,2025-08-30 21:30:00-04:00,1,81.82,2025-08-29,06:00
Washington State,Idaho,2025-08-30 22:00:00-04:00,1,74.32,2025-08-29,06:00
Arizona State,Northern Arizona,2025-08-30 22:00:00-04:00,1,93.24,2025-08-29,06:00
Oregon State,California,2025-08-30 22:30:00-04:00,1,69.27,2025-08-29,06:00
Arizona,Hawai'i,2025-08-30 22:30:00-04:00,1,62.5,2025-08-29,06:00
Washington,Colorado State,2025-08-30 23:00:00-04:00,1,59.59,2025-08-29,06:00
UCLA,Utah,2025-08-30 23:00:00-04:00,1,61.66,2025-08-29,06:00
Virginia Tech,South Carolina,2025-08-31 15:00:00-04:00,1,80.22,2025-08-30,06:00
Miami,Notre Dame,2025-08-31 19:30:00-04:00,1,73.35,2025-08-30,06:00
Miami,Notre Dame,2025-08-31 19:30:00-04:00,1,95.37,2025-08-30,06:00
North Carolina,TCU,2025-09-01 20:00:00-04:00,1,68.09,2025-08-31,06:00
Louisville,James Madison,2025-09-05 19:00:00-04:00,2,71.09,2025-09-04,06:00
Northwestern,Western Illinois,2025-09-05 19:30:00-04:00,2,101.63,2025-09-04,06:00
Maryland,Northern Illinois,2025-09-05 19:30:00-04:00,2,72.73,2025-09-04,06:00
Boise State,Eastern Washington,2025-09-05 21:00:00-04:00,2,72.0,2025-09-04,06:00
Nevada,Sacramento State,2025-09-06 00:00:00-04:00,2,77.83,2025-09-05,06:00
Wyoming,Northern Iowa,2025-09-06 00:00:00-04:00,2,78.96,2025-09-05,06:00
New Mexico,Idaho State,2025-09-06 00:00:00-04:00,2,72.01,2025-09-05,06:00
Colorado State,Northern Colorado,2025-09-06 00:00:00-04:00,2,87.5,2025-09-05,06:00
Hawai'i,Sam Houston,2025-09-06 00:00:00-04:00,2,105.73,2025-09-05,06:00
Jacksonville State,Liberty,2025-09-06 12:00:00-04:00,2,102.04,2025-09-05,06:00
Texas Tech,Kent State,2025-09-06 12:00:00-04:00,2,58.46,2025-09-05,06:00
Minnesota,Northwestern State,2025-09-06 12:00:00-04:00,2,80.72,2025-09-05,06:00
Florida State,East Texas A&M,2025-09-06 12:00:00-04:00,2,63.38,2025-09-05,06:00
Penn State,Florida International,2025-09-06 12:00:00-04:00,2,80.78,2025-09-05,06:00
Indiana,Kennesaw State,2025-09-06 12:00:00-04:00,2,67.57,2025-09-05,06:00
NC State,Virginia,2025-09-06 12:00:00-04:00,2,80.68,2025-09-05,06:00
SMU,Baylor,2025-09-06 12:00:00-04:00,2,61.23,2025-09-05,06:00
Duke,Illinois,2025-09-06 12:00:00-04:00,2,92.03,2025-09-05,06:00
Pittsburgh,Central Michigan,2025-09-06 12:00:00-04:00,2,68.79,2025-09-05,06:00
Syracuse,UConn,2025-09-06 12:00:00-04:00,2,96.54,2025-09-05,06:00
Iowa State,Iowa,2025-09-06 12:00:00-04:00,2,103.18,2025-09-05,06:00
Texas,San José State,2025-09-06 12:00:00-04:00,2,49.1,2025-09-05,06:00
Texas A&M,Utah State,2025-09-06 12:45:00-04:00,2,54.54,2025-09-05,06:00
Temple,Howard,2025-09-06 14:00:00-04:00,2,72.23,2025-09-05,06:00
Wake Forest,Western Carolina,2025-09-06 14:00:00-04:00,2,80.38,2025-09-05,06:00
Kentucky,Ole Miss,2025-09-06 15:30:00-04:00,2,95.93,2025-09-05,06:00
Massachusetts,Bryant,2025-09-06 15:30:00-04:00,2,105.73,2025-09-05,06:00
Buffalo,St. Francis (PA),2025-09-06 15:30:00-04:00,2,86.86,2025-09-05,06:00
Tennessee,East Tennessee State,2025-09-06 15:30:00-04:00,2,65.25,2025-09-05,06:00
Rutgers,Miami (OH),2025-09-06 15:30:00-04:00,2,74.11,2025-09-05,06:00
Missouri,Kansas,2025-09-06 15:30:00-04:00,2,111.27,2025-09-05,06:00
Oregon,Oklahoma State,2025-09-06 15:30:00-04:00,2,75.46,2025-09-05,06:00
Oregon State,Fresno State,2025-09-06 15:30:00-04:00,2,69.27,2025-09-05,06:00
Georgia,Austin Peay,2025-09-06 15:30:00-04:00,2,77.11,2025-09-05,06:00
Cincinnati,Bowling Green,2025-09-06 15:30:00-04:00,2,71.14,2025-09-05,06:00
App State,Lindenwood,2025-09-06 15:30:00-04:00,2,105.73,2025-09-05,06:00
Colorado,Delaware,2025-09-06 15:30:00-04:00,2,98.96,2025-09-05,06:00
Ohio State,Grambling,2025-09-06 15:30:00-04:00,2,57.04,2025-09-05,06:00
Clemson,Troy,2025-09-06 15:30:00-04:00,2,83.54,2025-09-05,06:00
UTSA,Texas State,2025-09-06 15:30:00-04:00,2,87.73,2025-09-05,06:00
Navy,UAB,2025-09-06 15:30:00-04:00,2,72.76,2025-09-05,06:00
Western Michigan,North Texas,2025-09-06 15:30:00-04:00,2,80.75,2025-09-05,06:00
Georgia Tech,Gardner-Webb,2025-09-06 15:30:00-04:00,2,70.91,2025-09-05,06:00
Ohio,West Virginia,2025-09-06 16:00:00-04:00,2,80.27,2025-09-05,06:00
Wisconsin,Middle Tennessee,2025-09-06 16:00:00-04:00,2,75.37,2025-09-05,06:00
Florida,South Florida,2025-09-06 16:15:00-04:00,2,72.69,2025-09-05,06:00
Southern Miss,Jackson State,2025-09-06 17:00:00-04:00,2,80.08,2025-09-05,06:00
Arkansas,Arkansas State,2025-09-06 17:00:00-04:00,2,78.7,2025-09-05,06:00
Florida Atlantic,Florida A&M,2025-09-06 18:00:00-04:00,2,82.04,2025-09-05,06:00
East Carolina,Campbell,2025-09-06 18:00:00-04:00,2,78.65,2025-09-05,06:00
Utah,Cal Poly,2025-09-06 18:00:00-04:00,2,68.48,2025-09-05,06:00
Marshall,Missouri State,2025-09-06 18:00:00-04:00,2,70.77,2025-09-05,06:00
California,Texas Southern,2025-09-06 18:00:00-04:00,2,79.22,2025-09-05,06:00
Old Dominion,North Carolina Central,2025-09-06 18:00:00-04:00,2,93.07,2025-09-05,06:00
UCF,North Carolina A&T,2025-09-06 19:00:00-04:00,2,72.45,2025-09-05,06:00
Rice,Houston,2025-09-06 19:00:00-04:00,2,66.6,2025-09-05,06:00
Kansas State,Army,2025-09-06 19:00:00-04:00,2,65.63,2025-09-05,06:00
Miami,Bethune-Cookman,2025-09-06 19:00:00-04:00,2,80.13,2025-09-05,06:00
Miami,Bethune-Cookman,2025-09-06 19:00:00-04:00,2,89.56,2025-09-05,06:00
South Alabama,Tulane,2025-09-06 19:00:00-04:00,2,94.43,2025-09-05,06:00
Georgia State,Memphis,2025-09-06 19:00:00-04:00,2,77.84,2025-09-05,06:00
Toledo,Western Kentucky,2025-09-06 19:00:00-04:00,2,90.16,2025-09-05,06:00
Charlotte,North Carolina,2025-09-06 19:00:00-04:00,2,111.29,2025-09-05,06:00
Eastern Michigan,Long Island University,2025-09-06 19:00:00-04:00,2,80.75,2025-09-05,06:00
South Carolina,South Carolina State,2025-09-06 19:00:00-04:00,2,94.65,2025-09-05,06:00
LSU,Louisiana Tech,2025-09-06 19:30:00-04:00,2,42.46,2025-09-05,06:00
Virginia Tech,Vanderbilt,2025-09-06 19:30:00-04:00,2,75.56,2025-09-05,06:00
Nebraska,Akron,2025-09-06 19:30:00-04:00,2,56.0,2025-09-05,06:00
Michigan State,Boston College,2025-09-06 19:30:00-04:00,2,57.25,2025-09-05,06:00
Oklahoma,Michigan,2025-09-06 19:30:00-04:00,2,57.01,2025-09-05,06:00
Mississippi State,Arizona State,2025-09-06 19:30:00-04:00,2,85.46,2025-09-05,06:00
Purdue,Southern Illinois,2025-09-06 19:30:00-04:00,2,86.93,2025-09-05,06:00
USC,Georgia Southern,2025-09-06 19:30:00-04:00,2,86.67,2025-09-05,06:00
Auburn,Ball State,2025-09-06 19:30:00-04:00,2,70.99,2025-09-05,06:00
Coastal Carolina,Charleston Southern,2025-09-06 19:30:00-04:00,2,93.49,2025-09-05,06:00
Alabama,UL Monroe,2025-09-06 19:45:00-04:00,2,59.01,2025-09-05,06:00
UNLV,UCLA,2025-09-06 20:00:00-04:00,2,98.02,2025-09-05,06:00
Louisiana,McNeese,2025-09-06 20:00:00-04:00,2,90.26,2025-09-05,06:00
UTEP,UT Martin,2025-09-06 21:00:00-04:00,2,62.02,2025-09-05,06:00
New Mexico State,Tulsa,2025-09-06 21:00:00-04:00,2,81.89,2025-09-05,06:00
Arizona,Weber State,2025-09-06 22:00:00-04:00,2,62.5,2025-09-05,06:00
BYU,Stanford,2025-09-06 22:15:00-04:00,2,68.53,2025-09-05,06:00
Washington State,San Diego State,2025-09-06 22:15:00-04:00,2,75.99,2025-09-05,06:00
Washington,UC Davis,2025-09-06 23:00:00-04:00,2,59.59,2025-09-05,06:00
UNLV,Idaho State,2025-08-23 00:00:00-04:00,3,98.02,2025-08-22,06:00
Wake Forest,NC State,2025-09-11 19:30:00-04:00,3,81.19,2025-09-10,06:00
UCLA,New Mexico,2025-09-12 00:00:00-04:00,3,61.66,2025-09-11,06:00
Indiana,Indiana State,2025-09-12 00:00:00-04:00,3,67.57,2025-09-11,06:00
Syracuse,Colgate,2025-09-12 19:00:00-04:00,3,96.54,2025-09-11,06:00
Houston,Colorado,2025-09-12 19:30:00-04:00,3,84.31,2025-09-11,06:00
Arizona,Kansas State,2025-09-12 21:00:00-04:00,3,68.7,2025-09-11,06:00
Nevada,Middle Tennessee,2025-09-13 00:00:00-04:00,3,77.83,2025-09-12,06:00
Ole Miss,Arkansas,2025-09-13 00:00:00-04:00,3,91.74,2025-09-12,06:00
South Carolina,Vanderbilt,2025-09-13 00:00:00-04:00,3,89.45,2025-09-12,06:00
Fresno State,Southern,2025-09-13 00:00:00-04:00,3,81.82,2025-09-12,06:00
Hawai'i,Portland State,2025-09-13 00:00:00-04:00,3,105.73,2025-09-12,06:00
Nebraska,Houston Christian,2025-09-13 12:00:00-04:00,3,56.0,2025-09-12,06:00
Alabama,Wisconsin,2025-09-13 12:00:00-04:00,3,59.01,2025-09-12,06:00
Baylor,Samford,2025-09-13 12:00:00-04:00,3,52.75,2025-09-12,06:00
Temple,Oklahoma,2025-09-13 12:00:00-04:00,3,72.23,2025-09-12,06:00
Northwestern,Oregon,2025-09-13 12:00:00-04:00,3,95.53,2025-09-12,06:00
Maryland,Towson,2025-09-13 12:00:00-04:00,3,72.73,2025-09-12,06:00
Michigan,Central Michigan,2025-09-13 12:00:00-04:00,3,109.96,2025-09-12,06:00
Virginia,William & Mary,2025-09-13 12:00:00-04:00,3,89.95,2025-09-12,06:00
Georgia Tech,Clemson,2025-09-13 12:00:00-04:00,3,85.19,2025-09-12,06:00
Troy,Memphis,2025-09-13 12:00:00-04:00,3,77.82,2025-09-12,06:00
Kent State,Buffalo,2025-09-13 12:00:00-04:00,3,96.05,2025-09-12,06:00
Auburn,South Alabama,2025-09-13 12:45:00-04:00,3,70.99,2025-09-12,06:00
Ball State,New Hampshire,2025-09-13 14:00:00-04:00,3,89.19,2025-09-12,06:00
Delaware,UConn,2025-09-13 15:00:00-04:00,3,95.35,2025-09-12,06:00
Texas Tech,Oregon State,2025-09-13 15:30:00-04:00,3,58.46,2025-09-12,06:00
North Texas,Washington State,2025-09-13 15:30:00-04:00,3,101.55,2025-09-12,06:00
Cincinnati,Northwestern State,2025-09-13 15:30:00-04:00,3,71.14,2025-09-12,06:00
North Carolina,Richmond,2025-09-13 15:30:00-04:00,3,68.09,2025-09-12,06:00
Toledo,Morgan State,2025-09-13 15:30:00-04:00,3,90.16,2025-09-12,06:00
UTSA,Incarnate Word,2025-09-13 15:30:00-04:00,3,76.46,2025-09-12,06:00
Tennessee,Georgia,2025-09-13 15:30:00-04:00,3,59.04,2025-09-12,06:00
Purdue,USC,2025-09-13 15:30:00-04:00,3,87.3,2025-09-12,06:00
Missouri State,SMU,2025-09-13 15:30:00-04:00,3,100.72,2025-09-12,06:00
West Virginia,Pittsburgh,2025-09-13 15:30:00-04:00,3,78.16,2025-09-12,06:00
Penn State,Villanova,2025-09-13 15:30:00-04:00,3,80.78,2025-09-12,06:00
Michigan State,Youngstown State,2025-09-13 15:30:00-04:00,3,57.25,2025-09-12,06:00
Rutgers,Norfolk State,2025-09-13 15:30:00-04:00,3,74.11,2025-09-12,06:00
Missouri,Louisiana,2025-09-13 16:00:00-04:00,3,110.61,2025-09-12,06:00
Arkansas State,Iowa State,2025-09-13 16:00:00-04:00,3,90.34,2025-09-12,06:00
Texas,UTEP,2025-09-13 16:15:00-04:00,3,49.1,2025-09-12,06:00
Miami,South Florida,2025-09-13 16:30:00-04:00,3,80.13,2025-09-12,06:00
Miami,South Florida,2025-09-13 16:30:00-04:00,3,89.56,2025-09-12,06:00
Bowling Green,Liberty,2025-09-13 17:00:00-04:00,3,80.27,2025-09-12,06:00
Charlotte,Monmouth,2025-09-13 18:00:00-04:00,3,111.29,2025-09-12,06:00
Kennesaw State,Merrimack,2025-09-13 18:00:00-04:00,3,102.73,2025-09-12,06:00
Florida International,Florida Atlantic,2025-09-13 18:00:00-04:00,3,96.37,2025-09-12,06:00
Marshall,Eastern Kentucky,2025-09-13 18:00:00-04:00,3,70.77,2025-09-12,06:00
Mississippi State,Alcorn State,2025-09-13 18:00:00-04:00,3,85.41,2025-09-12,06:00
Illinois,Western Michigan,2025-09-13 19:00:00-04:00,3,86.55,2025-09-12,06:00
Ohio State,Ohio,2025-09-13 19:00:00-04:00,3,57.04,2025-09-12,06:00
Virginia Tech,Old Dominion,2025-09-13 19:00:00-04:00,3,75.56,2025-09-12,06:00
Georgia State,Murray State,2025-09-13 19:00:00-04:00,3,84.34,2025-09-12,06:00
Georgia Southern,Jacksonville State,2025-09-13 19:00:00-04:00,3,84.34,2025-09-12,06:00
Southern Miss,App State,2025-09-13 19:00:00-04:00,3,75.98,2025-09-12,06:00
Rice,Prairie View A&M,2025-09-13 19:00:00-04:00,3,64.92,2025-09-12,06:00
Louisiana Tech,New Mexico State,2025-09-13 19:30:00-04:00,3,89.78,2025-09-12,06:00
Coastal Carolina,East Carolina,2025-09-13 19:30:00-04:00,3,93.49,2025-09-12,06:00
Iowa,Massachusetts,2025-09-13 19:30:00-04:00,3,64.17,2025-09-12,06:00
Notre Dame,Texas A&M,2025-09-13 19:30:00-04:00,3,74.34,2025-09-12,06:00
LSU,Florida,2025-09-13 19:30:00-04:00,3,48.56,2025-09-12,06:00
Kentucky,Eastern Michigan,2025-09-13 19:30:00-04:00,3,71.09,2025-09-12,06:00
TCU,Abilene Christian,2025-09-13 20:00:00-04:00,3,54.06,2025-09-12,06:00
Tulane,Duke,2025-09-13 20:00:00-04:00,3,82.04,2025-09-12,06:00
Tulsa,Navy,2025-09-13 20:00:00-04:00,3,88.67,2025-09-12,06:00
Wyoming,Utah,2025-09-13 20:00:00-04:00,3,78.96,2025-09-12,06:00
UAB,Akron,2025-09-13 20:30:00-04:00,3,62.48,2025-09-12,06:00
Utah State,Air Force,2025-09-13 21:45:00-04:00,3,104.49,2025-09-12,06:00
California,Minnesota,2025-09-13 22:30:00-04:00,3,79.22,2025-09-12,06:00
Stanford,Boston College,2025-09-13 22:30:00-04:00,3,67.83,2025-09-12,06:00
Arizona State,Texas State,2025-09-13 22:30:00-04:00,3,93.24,2025-09-12,06:00
Charlotte,Rice,2025-09-18 19:30:00-04:00,4,108.3,2025-09-17,06:00
Oklahoma State,Tulsa,2025-09-19 19:00:00-04:00,4,75.97,2025-09-18,06:00
Rutgers,Iowa,2025-09-19 20:00:00-04:00,4,72.34,2025-09-18,06:00
Miami,Florida,2025-09-20 00:00:00-04:00,4,80.13,2025-09-19,06:00
Miami,Florida,2025-09-20 00:00:00-04:00,4,89.56,2025-09-19,06:00
Ole Miss,Tulane,2025-09-20 00:00:00-04:00,4,90.96,2025-09-19,06:00
Missouri,South Carolina,2025-09-20 00:00:00-04:00,4,121.84,2025-09-19,06:00
Akron,Duquesne,2025-09-20 00:00:00-04:00,4,82.04,2025-09-19,06:00
Western Michigan,Toledo,2025-09-20 00:00:00-04:00,4,85.86,2025-09-19,06:00
Buffalo,Troy,2025-09-20 00:00:00-04:00,4,86.86,2025-09-19,06:00
South Alabama,Coastal Carolina,2025-09-20 00:00:00-04:00,4,100.75,2025-09-19,06:00
Oklahoma,Auburn,2025-09-20 00:00:00-04:00,4,64.24,2025-09-19,06:00
Oregon,Oregon State,2025-09-20 00:00:00-04:00,4,85.56,2025-09-19,06:00
Indiana,Illinois,2025-09-20 00:00:00-04:00,4,94.2,2025-09-19,06:00
Wisconsin,Maryland,2025-09-20 00:00:00-04:00,4,76.19,2025-09-19,06:00
USC,Michigan State,2025-09-20 00:00:00-04:00,4,87.12,2025-09-19,06:00
Clemson,Syracuse,2025-09-20 00:00:00-04:00,4,104.51,2025-09-19,06:00
Duke,NC State,2025-09-20 00:00:00-04:00,4,92.9,2025-09-19,06:00
Utah,Texas Tech,2025-09-20 00:00:00-04:00,4,73.39,2025-09-19,06:00
Hawai'i,Fresno State,2025-09-20 00:00:00-04:00,4,104.49,2025-09-19,06:00
Miami (OH),UNLV,2025-09-20 00:00:00-04:00,4,102.34,2025-09-19,06:00
Eastern Michigan,Louisiana,2025-09-20 00:00:00-04:00,4,80.75,2025-09-19,06:00
Virginia Tech,Wofford,2025-09-20 00:00:00-04:00,4,75.56,2025-09-19,06:00
Memphis,Arkansas,2025-09-20 00:00:00-04:00,4,97.67,2025-09-19,06:00
Utah State,McNeese,2025-09-20 00:00:00-04:00,4,105.73,2025-09-19,06:00
Colorado State,UTSA,2025-09-20 00:00:00-04:00,4,87.5,2025-09-19,06:00
UTEP,UL Monroe,2025-09-20 00:00:00-04:00,4,62.02,2025-09-19,06:00
Middle Tennessee,Marshall,2025-09-20 00:00:00-04:00,4,93.74,2025-09-19,06:00
Louisiana Tech,Southern Miss,2025-09-20 00:00:00-04:00,4,73.51,2025-09-19,06:00
Liberty,James Madison,2025-09-20 00:00:00-04:00,4,84.34,2025-09-19,06:00
Kansas,West Virginia,2025-09-20 00:00:00-04:00,4,54.73,2025-09-19,06:00
East Carolina,BYU,2025-09-20 00:00:00-04:00,4,80.77,2025-09-19,06:00
Colorado,Wyoming,2025-09-20 00:00:00-04:00,4,98.96,2025-09-19,06:00
Baylor,Arizona State,2025-09-20 00:00:00-04:00,4,59.0,2025-09-19,06:00
Virginia,Stanford,2025-09-20 00:00:00-04:00,4,90.28,2025-09-19,06:00
Florida State,Kent State,2025-09-20 00:00:00-04:00,4,63.38,2025-09-19,06:00
Georgia Tech,Temple,2025-09-20 00:00:00-04:00,4,70.91,2025-09-19,06:00
TCU,SMU,2025-09-20 00:00:00-04:00,4,76.31,2025-09-19,06:00
UCF,North Carolina,2025-09-20 00:00:00-04:00,4,72.45,2025-09-19,06:00
Louisville,Bowling Green,2025-09-20 00:00:00-04:00,4,71.09,2025-09-19,06:00
South Florida,South Carolina State,2025-09-20 12:00:00-04:00,4,75.63,2025-09-19,06:00
Army,North Texas,2025-09-20 12:00:00-04:00,4,88.23,2025-09-19,06:00
Tennessee,UAB,2025-09-20 12:45:00-04:00,4,65.25,2025-09-19,06:00
Central Michigan,Wagner,2025-09-20 13:00:00-04:00,4,79.11,2025-09-19,06:00
UConn,Ball State,2025-09-20 15:30:00-04:00,4,56.73,2025-09-19,06:00
Notre Dame,Purdue,2025-09-20 15:30:00-04:00,4,94.42,2025-09-19,06:00
Nebraska,Michigan,2025-09-20 15:30:00-04:00,4,68.15,2025-09-19,06:00
Ohio,Gardner-Webb,2025-09-20 15:30:00-04:00,4,80.27,2025-09-19,06:00
Mississippi State,Northern Illinois,2025-09-20 16:15:00-04:00,4,85.41,2025-09-19,06:00
San José State,Idaho,2025-09-20 17:00:00-04:00,4,105.73,2025-09-19,06:00
Kennesaw State,Arkansas State,2025-09-20 18:00:00-04:00,4,102.73,2025-09-19,06:00
Florida International,Delaware,2025-09-20 18:00:00-04:00,4,96.37,2025-09-19,06:00
Missouri State,UT Martin,2025-09-20 19:00:00-04:00,4,100.44,2025-09-19,06:00
Georgia Southern,Maine,2025-09-20 19:00:00-04:00,4,84.34,2025-09-19,06:00
Air Force,Boise State,2025-09-20 19:00:00-04:00,4,58.09,2025-09-19,06:00
Western Kentucky,Nevada,2025-09-20 19:00:00-04:00,4,88.76,2025-09-19,06:00
Jacksonville State,Murray State,2025-09-20 19:00:00-04:00,4,89.19,2025-09-19,06:00
Washington State,Washington,2025-09-20 19:30:00-04:00,4,74.32,2025-09-19,06:00
Vanderbilt,Georgia State,2025-09-20 19:30:00-04:00,4,76.38,2025-09-19,06:00
LSU,SE Louisiana,2025-09-20 19:45:00-04:00,4,42.46,2025-09-19,06:00
Texas,Sam Houston,2025-09-20 20:00:00-04:00,4,49.1,2025-09-19,06:00
Texas State,Nicholls,2025-09-20 20:00:00-04:00,4,81.3,2025-09-19,06:00
San Diego State,California,2025-09-20 22:30:00-04:00,4,65.55,2025-09-19,06:00
East Carolina,Army,2025-09-25 19:30:00-04:00,5,82.88,2025-09-24,06:00
Virginia,Florida State,2025-09-26 19:00:00-04:00,5,88.31,2025-09-25,06:00
Arizona State,TCU,2025-09-26 21:00:00-04:00,5,89.56,2025-09-25,06:00
Oregon State,Houston,2025-09-26 22:30:00-04:00,5,69.27,2025-09-25,06:00
Kansas,Cincinnati,2025-09-27 00:00:00-04:00,5,54.73,2025-09-26,06:00
Kansas State,UCF,2025-09-27 00:00:00-04:00,5,56.19,2025-09-26,06:00
Oklahoma State,Baylor,2025-09-27 00:00:00-04:00,5,79.01,2025-09-26,06:00
West Virginia,Utah,2025-09-27 00:00:00-04:00,5,83.12,2025-09-26,06:00
Buffalo,UConn,2025-09-27 00:00:00-04:00,5,86.86,2025-09-26,06:00
Southern Miss,Jacksonville State,2025-09-27 00:00:00-04:00,5,80.08,2025-09-26,06:00
Stanford,San José State,2025-09-27 00:00:00-04:00,5,65.81,2025-09-26,06:00
Air Force,Hawai'i,2025-09-27 00:00:00-04:00,5,73.14,2025-09-26,06:00
Boise State,App State,2025-09-27 00:00:00-04:00,5,72.0,2025-09-26,06:00
Toledo,Akron,2025-09-27 00:00:00-04:00,5,96.97,2025-09-26,06:00
Minnesota,Rutgers,2025-09-27 00:00:00-04:00,5,81.25,2025-09-26,06:00
Texas A&M,Auburn,2025-09-27 00:00:00-04:00,5,55.95,2025-09-26,06:00
South Carolina,Kentucky,2025-09-27 00:00:00-04:00,5,89.45,2025-09-26,06:00
Tulsa,Tulane,2025-09-27 00:00:00-04:00,5,88.67,2025-09-26,06:00
Kennesaw State,Middle Tennessee,2025-09-27 00:00:00-04:00,5,100.85,2025-09-26,06:00
Old Dominion,Liberty,2025-09-27 00:00:00-04:00,5,93.07,2025-09-26,06:00
UTEP,Louisiana Tech,2025-09-27 00:00:00-04:00,5,64.31,2025-09-26,06:00
Missouri State,Western Kentucky,2025-09-27 00:00:00-04:00,5,100.44,2025-09-26,06:00
New Mexico,New Mexico State,2025-09-27 00:00:00-04:00,5,78.48,2025-09-26,06:00
Iowa State,Arizona,2025-09-27 00:00:00-04:00,5,90.02,2025-09-26,06:00
Ohio,Bowling Green,2025-09-27 00:00:00-04:00,5,93.2,2025-09-26,06:00
Central Michigan,Eastern Michigan,2025-09-27 00:00:00-04:00,5,86.67,2025-09-26,06:00
Illinois,USC,2025-09-27 00:00:00-04:00,5,86.62,2025-09-26,06:00
Northwestern,UCLA,2025-09-27 00:00:00-04:00,5,101.18,2025-09-26,06:00
Northern Illinois,San Diego State,2025-09-27 00:00:00-04:00,5,105.73,2025-09-26,06:00
Washington,Ohio State,2025-09-27 00:00:00-04:00,5,73.11,2025-09-26,06:00
Iowa,Indiana,2025-09-27 00:00:00-04:00,5,75.48,2025-09-26,06:00
Boston College,California,2025-09-27 00:00:00-04:00,5,64.65,2025-09-26,06:00
Syracuse,Duke,2025-09-27 00:00:00-04:00,5,85.5,2025-09-26,06:00
Wake Forest,Georgia Tech,2025-09-27 00:00:00-04:00,5,80.77,2025-09-26,06:00
Pittsburgh,Louisville,2025-09-27 00:00:00-04:00,5,73.06,2025-09-26,06:00
James Madison,Georgia Southern,2025-09-27 00:00:00-04:00,5,83.31,2025-09-26,06:00
Louisiana,Marshall,2025-09-27 00:00:00-04:00,5,88.52,2025-09-26,06:00
UL Monroe,Arkansas State,2025-09-27 00:00:00-04:00,5,104.49,2025-09-26,06:00
North Texas,South Alabama,2025-09-27 00:00:00-04:00,5,101.55,2025-09-26,06:00
Florida Atlantic,Memphis,2025-09-27 00:00:00-04:00,5,78.04,2025-09-26,06:00
NC State,Virginia Tech,2025-09-27 00:00:00-04:00,5,80.68,2025-09-26,06:00
Ole Miss,LSU,2025-09-27 00:00:00-04:00,5,91.74,2025-09-26,06:00
Mississippi State,Tennessee,2025-09-27 00:00:00-04:00,5,92.75,2025-09-26,06:00
Missouri,Massachusetts,2025-09-27 00:00:00-04:00,5,110.61,2025-09-26,06:00
Arkansas,Notre Dame,2025-09-27 12:00:00-04:00,5,86.27,2025-09-26,06:00
Vanderbilt,Utah State,2025-09-27 12:45:00-04:00,5,76.38,2025-09-26,06:00
Miami (OH),Lindenwood,2025-09-27 15:30:00-04:00,5,105.73,2025-09-26,06:00
Navy,Rice,2025-09-27 15:30:00-04:00,5,72.76,2025-09-26,06:00
Western Michigan,Rhode Island,2025-09-27 18:30:00-04:00,5,80.75,2025-09-26,06:00
Colorado State,Washington State,2025-09-27 19:30:00-04:00,5,87.5,2025-09-26,06:00
Georgia,Alabama,2025-09-27 19:30:00-04:00,5,98.98,2025-09-26,06:00
Penn State,Oregon,2025-09-27 19:30:00-04:00,5,82.0,2025-09-26,06:00
Colorado,BYU,2025-09-27 22:15:00-04:00,5,114.08,2025-09-26,06:00
New Mexico State,Sam Houston,2025-10-02 21:00:00-04:00,6,88.99,2025-10-01,06:00
Delaware,Western Kentucky,2025-10-03 19:00:00-04:00,6,95.35,2025-10-02,06:00
South Florida,Charlotte,2025-10-03 19:00:00-04:00,6,80.37,2025-10-02,06:00
San José State,New Mexico,2025-10-03 22:00:00-04:00,6,104.49,2025-10-02,06:00
San Diego State,Colorado State,2025-10-03 22:30:00-04:00,6,68.13,2025-10-02,06:00
BYU,West Virginia,2025-10-03 22:30:00-04:00,6,72.71,2025-10-02,06:00
UCF,Kansas,2025-10-04 00:00:00-04:00,6,73.39,2025-10-03,06:00
UCLA,Penn State,2025-10-04 00:00:00-04:00,6,78.14,2025-10-03,06:00
Michigan,Wisconsin,2025-10-04 00:00:00-04:00,6,102.84,2025-10-03,06:00
Maryland,Washington,2025-10-04 00:00:00-04:00,6,75.27,2025-10-03,06:00
Georgia State,James Madison,2025-10-04 00:00:00-04:00,6,96.05,2025-10-03,06:00
Old Dominion,Coastal Carolina,2025-10-04 00:00:00-04:00,6,106.32,2025-10-03,06:00
Troy,South Alabama,2025-10-04 00:00:00-04:00,6,76.95,2025-10-03,06:00
UAB,Army,2025-10-04 00:00:00-04:00,6,82.75,2025-10-03,06:00
Rice,Florida Atlantic,2025-10-04 00:00:00-04:00,6,66.85,2025-10-03,06:00
Memphis,Tulsa,2025-10-04 00:00:00-04:00,6,96.58,2025-10-03,06:00
Temple,UTSA,2025-10-04 00:00:00-04:00,6,74.5,2025-10-03,06:00
Louisville,Virginia,2025-10-04 00:00:00-04:00,6,77.58,2025-10-03,06:00
SMU,Syracuse,2025-10-04 00:00:00-04:00,6,86.98,2025-10-03,06:00
Virginia Tech,Wake Forest,2025-10-04 00:00:00-04:00,6,78.89,2025-10-03,06:00
NC State,Campbell,2025-10-04 00:00:00-04:00,6,71.3,2025-10-03,06:00
Arizona,Oklahoma State,2025-10-04 00:00:00-04:00,6,68.7,2025-10-03,06:00
Baylor,Kansas State,2025-10-04 00:00:00-04:00,6,57.75,2025-10-03,06:00
Cincinnati,Iowa State,2025-10-04 00:00:00-04:00,6,77.25,2025-10-03,06:00
Houston,Texas Tech,2025-10-04 00:00:00-04:00,6,73.7,2025-10-03,06:00
TCU,Colorado,2025-10-04 00:00:00-04:00,6,86.37,2025-10-03,06:00
Akron,Central Michigan,2025-10-04 00:00:00-04:00,6,88.67,2025-10-03,06:00
Florida State,Miami,2025-10-04 00:00:00-04:00,6,81.59,2025-10-03,06:00
North Carolina,Clemson,2025-10-04 00:00:00-04:00,6,84.73,2025-10-03,06:00
California,Duke,2025-10-04 00:00:00-04:00,6,82.41,2025-10-03,06:00
Pittsburgh,Boston College,2025-10-04 00:00:00-04:00,6,73.06,2025-10-03,06:00
App State,Oregon State,2025-10-04 00:00:00-04:00,6,105.73,2025-10-03,06:00
Purdue,Illinois,2025-10-04 00:00:00-04:00,6,88.25,2025-10-03,06:00
Nebraska,Michigan State,2025-10-04 00:00:00-04:00,6,68.15,2025-10-03,06:00
Ohio State,Minnesota,2025-10-04 00:00:00-04:00,6,59.31,2025-10-03,06:00
Northwestern,UL Monroe,2025-10-04 00:00:00-04:00,6,101.63,2025-10-03,06:00
Florida,Texas,2025-10-04 00:00:00-04:00,6,84.54,2025-10-03,06:00
Alabama,Vanderbilt,2025-10-04 00:00:00-04:00,6,62.64,2025-10-03,06:00
Northern Illinois,Miami (OH),2025-10-04 00:00:00-04:00,6,104.49,2025-10-03,06:00
Massachusetts,Western Michigan,2025-10-04 00:00:00-04:00,6,105.73,2025-10-03,06:00
Buffalo,Eastern Michigan,2025-10-04 00:00:00-04:00,6,94.83,2025-10-03,06:00
Texas A&M,Mississippi State,2025-10-04 00:00:00-04:00,6,55.95,2025-10-03,06:00
Georgia,Kentucky,2025-10-04 12:00:00-04:00,6,80.33,2025-10-03,06:00
Ball State,Ohio,2025-10-04 12:00:00-04:00,6,102.04,2025-10-03,06:00
Navy,Air Force,2025-10-04 12:00:00-04:00,6,71.77,2025-10-03,06:00
UConn,Florida International,2025-10-04 15:30:00-04:00,6,56.73,2025-10-03,06:00
Notre Dame,Boise State,2025-10-04 15:30:00-04:00,6,78.43,2025-10-03,06:00
Oklahoma,Kent State,2025-10-04 16:00:00-04:00,6,57.01,2025-10-03,06:00
Wyoming,UNLV,2025-10-04 19:00:00-04:00,6,81.81,2025-10-03,06:00
Arkansas State,Texas State,2025-10-04 19:00:00-04:00,6,85.3,2025-10-03,06:00
Fresno State,Nevada,2025-10-04 22:30:00-04:00,6,81.67,2025-10-03,06:00
Middle Tennessee,Missouri State,2025-10-08 19:30:00-04:00,7,93.74,2025-10-07,06:00
UTEP,Liberty,2025-10-08 20:00:00-04:00,7,64.31,2025-10-07,06:00
Georgia Southern,Southern Miss,2025-10-09 00:00:00-04:00,7,96.05,2025-10-08,06:00
Tulane,East Carolina,2025-10-09 00:00:00-04:00,7,88.67,2025-10-08,06:00
Kennesaw State,Louisiana Tech,2025-10-09 19:00:00-04:00,7,100.85,2025-10-08,06:00
Sam Houston,Jacksonville State,2025-10-09 20:00:00-04:00,7,105.58,2025-10-08,06:00
North Texas,South Florida,2025-10-10 19:30:00-04:00,7,101.85,2025-10-09,06:00
Washington,Rutgers,2025-10-10 21:00:00-04:00,7,65.8,2025-10-09,06:00
Colorado State,Fresno State,2025-10-10 21:00:00-04:00,7,86.74,2025-10-09,06:00
Marshall,Old Dominion,2025-10-11 00:00:00-04:00,7,71.13,2025-10-10,06:00
Kansas State,TCU,2025-10-11 00:00:00-04:00,7,56.19,2025-10-10,06:00
Colorado,Iowa State,2025-10-11 00:00:00-04:00,7,111.9,2025-10-10,06:00
Cincinnati,UCF,2025-10-11 00:00:00-04:00,7,75.51,2025-10-10,06:00
Arizona,BYU,2025-10-11 00:00:00-04:00,7,81.7,2025-10-10,06:00
SMU,Stanford,2025-10-11 00:00:00-04:00,7,64.13,2025-10-10,06:00
Georgia Tech,Virginia Tech,2025-10-11 00:00:00-04:00,7,81.76,2025-10-10,06:00
Florida State,Pittsburgh,2025-10-11 00:00:00-04:00,7,70.12,2025-10-10,06:00
Boston College,Clemson,2025-10-11 00:00:00-04:00,7,80.45,2025-10-10,06:00
Minnesota,Purdue,2025-10-11 00:00:00-04:00,7,81.25,2025-10-10,06:00
LSU,South Carolina,2025-10-11 00:00:00-04:00,7,82.94,2025-10-10,06:00
Tennessee,Arkansas,2025-10-11 00:00:00-04:00,7,63.4,2025-10-10,06:00
Western Michigan,Ball State,2025-10-11 00:00:00-04:00,7,85.86,2025-10-10,06:00
Bowling Green,Toledo,2025-10-11 00:00:00-04:00,7,92.08,2025-10-10,06:00
Eastern Michigan,Northern Illinois,2025-10-11 00:00:00-04:00,7,85.86,2025-10-10,06:00
Kent State,Massachusetts,2025-10-11 00:00:00-04:00,7,84.34,2025-10-10,06:00
Temple,Navy,2025-10-11 00:00:00-04:00,7,74.5,2025-10-10,06:00
UTSA,Rice,2025-10-11 00:00:00-04:00,7,80.94,2025-10-10,06:00
Akron,Miami (OH),2025-10-11 00:00:00-04:00,7,88.67,2025-10-10,06:00
Auburn,Georgia,2025-10-11 00:00:00-04:00,7,94.68,2025-10-10,06:00
Florida Atlantic,UAB,2025-10-11 00:00:00-04:00,7,88.67,2025-10-10,06:00
Utah,Arizona State,2025-10-11 00:00:00-04:00,7,75.95,2025-10-10,06:00
Texas Tech,Kansas,2025-10-11 00:00:00-04:00,7,70.98,2025-10-10,06:00
Oklahoma State,Houston,2025-10-11 00:00:00-04:00,7,79.01,2025-10-10,06:00
Texas A&M,Florida,2025-10-11 00:00:00-04:00,7,55.95,2025-10-10,06:00
Illinois,Ohio State,2025-10-11 00:00:00-04:00,7,84.57,2025-10-10,06:00
Penn State,Northwestern,2025-10-11 00:00:00-04:00,7,79.92,2025-10-10,06:00
Maryland,Nebraska,2025-10-11 00:00:00-04:00,7,75.27,2025-10-10,06:00
USC,Michigan,2025-10-11 00:00:00-04:00,7,87.12,2025-10-10,06:00
Wisconsin,Iowa,2025-10-11 00:00:00-04:00,7,86.38,2025-10-10,06:00
Oregon,Indiana,2025-10-11 00:00:00-04:00,7,72.93,2025-10-10,06:00
Boise State,New Mexico,2025-10-11 00:00:00-04:00,7,70.67,2025-10-10,06:00
Hawai'i,Utah State,2025-10-11 00:00:00-04:00,7,104.49,2025-10-10,06:00
Texas State,Troy,2025-10-11 00:00:00-04:00,7,88.67,2025-10-10,06:00
Coastal Carolina,UL Monroe,2025-10-11 00:00:00-04:00,7,103.26,2025-10-10,06:00
Georgia State,App State,2025-10-11 00:00:00-04:00,7,96.05,2025-10-10,06:00
James Madison,Louisiana,2025-10-11 00:00:00-04:00,7,83.31,2025-10-10,06:00
Missouri,Alabama,2025-10-11 12:00:00-04:00,7,110.23,2025-10-10,06:00
Army,Charlotte,2025-10-11 12:00:00-04:00,7,88.23,2025-10-10,06:00
Michigan State,UCLA,2025-10-11 12:00:00-04:00,7,62.88,2025-10-10,06:00
Ole Miss,Washington State,2025-10-11 12:45:00-04:00,7,100.19,2025-10-10,06:00
Oregon State,Wake Forest,2025-10-11 15:30:00-04:00,7,69.27,2025-10-10,06:00
Notre Dame,NC State,2025-10-11 15:30:00-04:00,7,74.34,2025-10-10,06:00
Texas,Oklahoma,2025-10-11 15:30:00-04:00,7,55.04,2025-10-10,06:00
UNLV,Air Force,2025-10-11 15:30:00-04:00,7,95.95,2025-10-10,06:00
Wyoming,San José State,2025-10-11 19:00:00-04:00,7,86.9,2025-10-10,06:00
Nevada,San Diego State,2025-10-11 22:30:00-04:00,7,87.51,2025-10-10,06:00
Liberty,New Mexico State,2025-10-14 19:00:00-04:00,8,96.05,2025-10-13,06:00
South Alabama,Arkansas State,2025-10-14 19:30:00-04:00,8,100.75,2025-10-13,06:00
Western Kentucky,Florida International,2025-10-14 20:00:00-04:00,8,104.08,2025-10-13,06:00
Jacksonville State,Delaware,2025-10-15 19:00:00-04:00,8,89.19,2025-10-14,06:00
Sam Houston,UTEP,2025-10-15 19:00:00-04:00,8,105.58,2025-10-14,06:00
East Carolina,Tulsa,2025-10-16 19:30:00-04:00,8,79.89,2025-10-15,06:00
Miami,Louisville,2025-10-17 19:00:00-04:00,8,87.23,2025-10-16,06:00
Miami,Louisville,2025-10-17 19:00:00-04:00,8,88.54,2025-10-16,06:00
Minnesota,Nebraska,2025-10-17 20:00:00-04:00,8,82.29,2025-10-16,06:00
Utah State,San José State,2025-10-17 21:00:00-04:00,8,104.49,2025-10-16,06:00
California,North Carolina,2025-10-17 22:30:00-04:00,8,82.41,2025-10-16,06:00
Houston,Arizona,2025-10-18 00:00:00-04:00,8,60.86,2025-10-17,06:00
Vanderbilt,LSU,2025-10-18 00:00:00-04:00,8,86.76,2025-10-17,06:00
Georgia Southern,Georgia State,2025-10-18 00:00:00-04:00,8,90.72,2025-10-17,06:00
James Madison,Old Dominion,2025-10-18 00:00:00-04:00,8,84.32,2025-10-17,06:00
Marshall,Texas State,2025-10-18 00:00:00-04:00,8,71.13,2025-10-17,06:00
UL Monroe,Troy,2025-10-18 00:00:00-04:00,8,104.49,2025-10-17,06:00
Louisiana,Southern Miss,2025-10-18 00:00:00-04:00,8,88.52,2025-10-17,06:00
Boise State,UNLV,2025-10-18 00:00:00-04:00,8,87.28,2025-10-17,06:00
UAB,Memphis,2025-10-18 00:00:00-04:00,8,82.81,2025-10-17,06:00
Tulane,Army,2025-10-18 00:00:00-04:00,8,81.37,2025-10-17,06:00
Charlotte,Temple,2025-10-18 00:00:00-04:00,8,108.3,2025-10-17,06:00
South Florida,Florida Atlantic,2025-10-18 00:00:00-04:00,8,80.37,2025-10-17,06:00
Northwestern,Purdue,2025-10-18 00:00:00-04:00,8,101.18,2025-10-17,06:00
Miami (OH),Eastern Michigan,2025-10-18 00:00:00-04:00,8,104.49,2025-10-17,06:00
Bowling Green,Central Michigan,2025-10-18 00:00:00-04:00,8,93.2,2025-10-17,06:00
Massachusetts,Buffalo,2025-10-18 00:00:00-04:00,8,105.73,2025-10-17,06:00
Toledo,Kent State,2025-10-18 00:00:00-04:00,8,96.97,2025-10-17,06:00
South Carolina,Oklahoma,2025-10-18 00:00:00-04:00,8,89.45,2025-10-17,06:00
Kentucky,Texas,2025-10-18 00:00:00-04:00,8,86.89,2025-10-17,06:00
App State,Coastal Carolina,2025-10-18 00:00:00-04:00,8,104.49,2025-10-17,06:00
Georgia,Ole Miss,2025-10-18 00:00:00-04:00,8,95.51,2025-10-17,06:00
New Mexico,Nevada,2025-10-18 00:00:00-04:00,8,71.7,2025-10-17,06:00
Colorado State,Hawai'i,2025-10-18 00:00:00-04:00,8,86.74,2025-10-17,06:00
Florida,Mississippi State,2025-10-18 00:00:00-04:00,8,80.14,2025-10-17,06:00
Auburn,Missouri,2025-10-18 00:00:00-04:00,8,89.31,2025-10-17,06:00
Arkansas,Texas A&M,2025-10-18 00:00:00-04:00,8,83.38,2025-10-17,06:00
Indiana,Michigan State,2025-10-18 00:00:00-04:00,8,80.1,2025-10-17,06:00
Wisconsin,Ohio State,2025-10-18 00:00:00-04:00,8,82.38,2025-10-17,06:00
Rutgers,Oregon,2025-10-18 00:00:00-04:00,8,77.67,2025-10-17,06:00
Iowa,Penn State,2025-10-18 00:00:00-04:00,8,77.33,2025-10-17,06:00
Michigan,Washington,2025-10-18 00:00:00-04:00,8,102.84,2025-10-17,06:00
UCLA,Maryland,2025-10-18 00:00:00-04:00,8,69.15,2025-10-17,06:00
Clemson,SMU,2025-10-18 00:00:00-04:00,8,99.27,2025-10-17,06:00
Duke,Georgia Tech,2025-10-18 00:00:00-04:00,8,92.9,2025-10-17,06:00
Syracuse,Pittsburgh,2025-10-18 00:00:00-04:00,8,89.62,2025-10-17,06:00
Boston College,UConn,2025-10-18 00:00:00-04:00,8,61.92,2025-10-17,06:00
Arizona State,Texas Tech,2025-10-18 00:00:00-04:00,8,89.56,2025-10-17,06:00
BYU,Utah,2025-10-18 00:00:00-04:00,8,83.55,2025-10-17,06:00
Alabama,Tennessee,2025-10-18 00:00:00-04:00,8,86.7,2025-10-17,06:00
Oklahoma State,Cincinnati,2025-10-18 00:00:00-04:00,8,79.01,2025-10-17,06:00
TCU,Baylor,2025-10-18 00:00:00-04:00,8,68.55,2025-10-17,06:00
UCF,West Virginia,2025-10-18 00:00:00-04:00,8,73.39,2025-10-17,06:00
North Texas,UTSA,2025-10-18 00:00:00-04:00,8,101.85,2025-10-17,06:00
Ball State,Akron,2025-10-18 00:00:00-04:00,8,102.04,2025-10-17,06:00
Ohio,Northern Illinois,2025-10-18 00:00:00-04:00,8,93.2,2025-10-17,06:00
Air Force,Wyoming,2025-10-18 15:30:00-04:00,8,73.14,2025-10-17,06:00
Virginia,Washington State,2025-10-18 18:30:00-04:00,8,89.95,2025-10-17,06:00
Notre Dame,USC,2025-10-18 19:30:00-04:00,8,94.42,2025-10-17,06:00
Oregon State,Lafayette,2025-10-18 22:00:00-04:00,8,69.27,2025-10-17,06:00
Stanford,Florida State,2025-10-18 22:30:00-04:00,8,67.83,2025-10-17,06:00
Florida International,Kennesaw State,2025-10-21 19:00:00-04:00,9,95.81,2025-10-20,06:00
Louisiana Tech,Western Kentucky,2025-10-21 19:30:00-04:00,9,89.78,2025-10-20,06:00
Delaware,Middle Tennessee,2025-10-22 19:30:00-04:00,9,95.35,2025-10-21,06:00
New Mexico State,Missouri State,2025-10-22 21:00:00-04:00,9,81.89,2025-10-21,06:00
Georgia State,South Alabama,2025-10-23 19:30:00-04:00,9,96.05,2025-10-22,06:00
Charlotte,North Texas,2025-10-24 19:00:00-04:00,9,108.3,2025-10-23,06:00
Virginia Tech,California,2025-10-24 19:30:00-04:00,9,78.89,2025-10-23,06:00
Nevada,Boise State,2025-10-24 22:00:00-04:00,9,71.83,2025-10-23,06:00
Buffalo,Akron,2025-10-25 00:00:00-04:00,9,94.83,2025-10-24,06:00
Eastern Michigan,Ohio,2025-10-25 00:00:00-04:00,9,85.86,2025-10-24,06:00
Tulsa,Temple,2025-10-25 00:00:00-04:00,9,88.67,2025-10-24,06:00
Texas Tech,Oklahoma State,2025-10-25 00:00:00-04:00,9,70.98,2025-10-24,06:00
Kansas,Kansas State,2025-10-25 00:00:00-04:00,9,61.42,2025-10-24,06:00
Northern Illinois,Ball State,2025-10-25 00:00:00-04:00,9,98.86,2025-10-24,06:00
Old Dominion,App State,2025-10-25 00:00:00-04:00,9,106.32,2025-10-24,06:00
Arkansas State,Georgia Southern,2025-10-25 00:00:00-04:00,9,85.3,2025-10-24,06:00
Southern Miss,UL Monroe,2025-10-25 00:00:00-04:00,9,75.98,2025-10-24,06:00
Troy,Louisiana,2025-10-25 00:00:00-04:00,9,68.41,2025-10-24,06:00
Kent State,Bowling Green,2025-10-25 00:00:00-04:00,9,90.72,2025-10-24,06:00
Central Michigan,Massachusetts,2025-10-25 00:00:00-04:00,9,79.11,2025-10-24,06:00
Miami (OH),Western Michigan,2025-10-25 00:00:00-04:00,9,104.49,2025-10-24,06:00
Fresno State,San Diego State,2025-10-25 00:00:00-04:00,9,84.61,2025-10-24,06:00
Rice,UConn,2025-10-25 00:00:00-04:00,9,64.92,2025-10-24,06:00
Memphis,South Florida,2025-10-25 00:00:00-04:00,9,96.58,2025-10-24,06:00
New Mexico,Utah State,2025-10-25 00:00:00-04:00,9,71.7,2025-10-24,06:00
Washington,Illinois,2025-10-25 00:00:00-04:00,9,77.97,2025-10-24,06:00
Georgia Tech,Syracuse,2025-10-25 00:00:00-04:00,9,82.4,2025-10-24,06:00
Louisville,Boston College,2025-10-25 00:00:00-04:00,9,77.58,2025-10-24,06:00
Wake Forest,SMU,2025-10-25 00:00:00-04:00,9,81.05,2025-10-24,06:00
Oregon,Wisconsin,2025-10-25 00:00:00-04:00,9,74.75,2025-10-24,06:00
Indiana,UCLA,2025-10-25 00:00:00-04:00,9,68.07,2025-10-24,06:00
Purdue,Rutgers,2025-10-25 00:00:00-04:00,9,87.3,2025-10-24,06:00
Nebraska,Northwestern,2025-10-25 00:00:00-04:00,9,68.15,2025-10-24,06:00
Iowa,Minnesota,2025-10-25 00:00:00-04:00,9,81.53,2025-10-24,06:00
Michigan State,Michigan,2025-10-25 00:00:00-04:00,9,76.4,2025-10-24,06:00
Vanderbilt,Missouri,2025-10-25 00:00:00-04:00,9,84.83,2025-10-24,06:00
South Carolina,Alabama,2025-10-25 00:00:00-04:00,9,96.07,2025-10-24,06:00
Oklahoma,Ole Miss,2025-10-25 00:00:00-04:00,9,78.5,2025-10-24,06:00
Mississippi State,Texas,2025-10-25 00:00:00-04:00,9,91.98,2025-10-24,06:00
LSU,Texas A&M,2025-10-25 00:00:00-04:00,9,48.56,2025-10-24,06:00
Utah,Colorado,2025-10-25 00:00:00-04:00,9,103.52,2025-10-24,06:00
Cincinnati,Baylor,2025-10-25 00:00:00-04:00,9,69.66,2025-10-24,06:00
Arizona State,Houston,2025-10-25 00:00:00-04:00,9,89.56,2025-10-24,06:00
Pittsburgh,NC State,2025-10-25 00:00:00-04:00,9,73.06,2025-10-24,06:00
North Carolina,Virginia,2025-10-25 00:00:00-04:00,9,75.95,2025-10-24,06:00
Miami,Stanford,2025-10-25 00:00:00-04:00,9,87.23,2025-10-24,06:00
Miami,Stanford,2025-10-25 00:00:00-04:00,9,88.54,2025-10-24,06:00
West Virginia,TCU,2025-10-25 00:00:00-04:00,9,83.12,2025-10-24,06:00
Iowa State,BYU,2025-10-25 00:00:00-04:00,9,103.13,2025-10-24,06:00
Kentucky,Tennessee,2025-10-25 00:00:00-04:00,9,81.11,2025-10-24,06:00
Arkansas,Auburn,2025-10-25 00:00:00-04:00,9,80.47,2025-10-24,06:00
Washington State,Toledo,2025-10-25 15:30:00-04:00,9,75.99,2025-10-24,06:00
Navy,Florida Atlantic,2025-10-25 15:30:00-04:00,9,72.76,2025-10-24,06:00
Wyoming,Colorado State,2025-10-25 19:30:00-04:00,9,83.78,2025-10-24,06:00
Kennesaw State,UTEP,2025-10-28 19:00:00-04:00,10,100.85,2025-10-27,06:00
Texas State,James Madison,2025-10-28 19:30:00-04:00,10,88.67,2025-10-27,06:00
Middle Tennessee,Jacksonville State,2025-10-29 19:30:00-04:00,10,92.69,2025-10-28,06:00
Missouri State,Florida International,2025-10-29 20:00:00-04:00,10,100.44,2025-10-28,06:00
UTSA,Tulane,2025-10-30 19:30:00-04:00,10,80.94,2025-10-29,06:00
Coastal Carolina,Marshall,2025-10-30 19:30:00-04:00,10,103.26,2025-10-29,06:00
Rice,Memphis,2025-10-31 19:00:00-04:00,10,80.08,2025-10-30,06:00
Syracuse,North Carolina,2025-10-31 19:30:00-04:00,10,85.5,2025-10-30,06:00
Louisiana Tech,Sam Houston,2025-10-31 20:00:00-04:00,10,89.78,2025-10-30,06:00
Kansas,Oklahoma State,2025-11-01 00:00:00-04:00,10,54.73,2025-10-31,06:00
Boise State,Fresno State,2025-11-01 00:00:00-04:00,10,73.34,2025-10-31,06:00
UL Monroe,Old Dominion,2025-11-01 00:00:00-04:00,10,104.49,2025-10-31,06:00
South Alabama,Louisiana,2025-11-01 00:00:00-04:00,10,100.75,2025-10-31,06:00
Troy,Arkansas State,2025-11-01 00:00:00-04:00,10,68.41,2025-10-31,06:00
Temple,East Carolina,2025-11-01 00:00:00-04:00,10,74.5,2025-10-31,06:00
North Texas,Navy,2025-11-01 00:00:00-04:00,10,101.85,2025-10-31,06:00
Bowling Green,Buffalo,2025-11-01 00:00:00-04:00,10,93.2,2025-10-31,06:00
Western Michigan,Central Michigan,2025-11-01 00:00:00-04:00,10,86.14,2025-10-31,06:00
Tennessee,Oklahoma,2025-11-01 00:00:00-04:00,10,63.4,2025-10-31,06:00
Maryland,Indiana,2025-11-01 00:00:00-04:00,10,77.26,2025-10-31,06:00
Minnesota,Michigan State,2025-11-01 00:00:00-04:00,10,81.25,2025-10-31,06:00
Ohio State,Penn State,2025-11-01 00:00:00-04:00,10,87.16,2025-10-31,06:00
Michigan,Purdue,2025-11-01 00:00:00-04:00,10,102.84,2025-10-31,06:00
Illinois,Rutgers,2025-11-01 00:00:00-04:00,10,86.62,2025-10-31,06:00
Nebraska,USC,2025-11-01 00:00:00-04:00,10,68.15,2025-10-31,06:00
California,Virginia,2025-11-01 00:00:00-04:00,10,82.41,2025-10-31,06:00
Clemson,Duke,2025-11-01 00:00:00-04:00,10,87.17,2025-10-31,06:00
Florida State,Wake Forest,2025-11-01 00:00:00-04:00,10,70.12,2025-10-31,06:00
NC State,Georgia Tech,2025-11-01 00:00:00-04:00,10,80.68,2025-10-31,06:00
Virginia Tech,Louisville,2025-11-01 00:00:00-04:00,10,78.89,2025-10-31,06:00
SMU,Miami,2025-11-01 00:00:00-04:00,10,90.92,2025-10-31,06:00
Stanford,Pittsburgh,2025-11-01 00:00:00-04:00,10,67.83,2025-10-31,06:00
Boston College,Notre Dame,2025-11-01 00:00:00-04:00,10,67.76,2025-10-31,06:00
Baylor,UCF,2025-11-01 00:00:00-04:00,10,57.75,2025-10-31,06:00
Colorado,Arizona,2025-11-01 00:00:00-04:00,10,96.6,2025-10-31,06:00
Houston,West Virginia,2025-11-01 00:00:00-04:00,10,60.86,2025-10-31,06:00
Iowa State,Arizona State,2025-11-01 00:00:00-04:00,10,93.19,2025-10-31,06:00
Kansas State,Texas Tech,2025-11-01 00:00:00-04:00,10,56.19,2025-10-31,06:00
Utah,Cincinnati,2025-11-01 00:00:00-04:00,10,73.39,2025-10-31,06:00
Arkansas,Mississippi State,2025-11-01 00:00:00-04:00,10,80.47,2025-10-31,06:00
Auburn,Kentucky,2025-11-01 00:00:00-04:00,10,77.79,2025-10-31,06:00
Ole Miss,South Carolina,2025-11-01 00:00:00-04:00,10,100.59,2025-10-31,06:00
Air Force,Army,2025-11-01 12:00:00-04:00,10,79.91,2025-10-31,06:00
Texas,Vanderbilt,2025-11-01 12:00:00-04:00,10,52.92,2025-10-31,06:00
UConn,UAB,2025-11-01 12:00:00-04:00,10,56.73,2025-10-31,06:00
UNLV,New Mexico,2025-11-01 15:00:00-04:00,10,95.95,2025-10-31,06:00
Western Kentucky,New Mexico State,2025-11-01 15:30:00-04:00,10,104.08,2025-10-31,06:00
Florida,Georgia,2025-11-01 15:30:00-04:00,10,93.46,2025-10-31,06:00
Liberty,Delaware,2025-11-01 15:30:00-04:00,10,84.34,2025-10-31,06:00
San Diego State,Wyoming,2025-11-01 19:00:00-04:00,10,68.13,2025-10-31,06:00
Oregon State,Washington State,2025-11-01 19:30:00-04:00,10,69.12,2025-10-31,06:00
San José State,Hawai'i,2025-11-01 22:30:00-04:00,10,104.49,2025-10-31,06:00
Ohio,Miami (OH),2025-11-04 00:00:00-05:00,11,92.08,2025-11-03,06:00
Akron,Massachusetts,2025-11-04 00:00:00-05:00,11,82.04,2025-11-03,06:00
Ball State,Kent State,2025-11-05 00:00:00-05:00,11,102.04,2025-11-04,06:00
Toledo,Northern Illinois,2025-11-05 00:00:00-05:00,11,96.97,2025-11-04,06:00
App State,Georgia Southern,2025-11-06 00:00:00-05:00,11,104.49,2025-11-05,06:00
South Florida,UTSA,2025-11-06 00:00:00-05:00,11,80.37,2025-11-05,06:00
UCF,Houston,2025-11-07 00:00:00-05:00,11,73.39,2025-11-06,06:00
USC,Northwestern,2025-11-07 21:00:00-05:00,11,87.12,2025-11-06,06:00
Memphis,Tulane,2025-11-07 21:00:00-05:00,11,96.58,2025-11-06,06:00
North Carolina,Stanford,2025-11-08 00:00:00-05:00,11,74.59,2025-11-07,06:00
Miami,Syracuse,2025-11-08 00:00:00-05:00,11,82.86,2025-11-07,06:00
Miami,Syracuse,2025-11-08 00:00:00-05:00,11,98.86,2025-11-07,06:00
Clemson,Florida State,2025-11-08 00:00:00-05:00,11,91.79,2025-11-07,06:00
Louisville,California,2025-11-08 00:00:00-05:00,11,77.58,2025-11-07,06:00
Boston College,SMU,2025-11-08 00:00:00-05:00,11,77.59,2025-11-07,06:00
Eastern Michigan,Bowling Green,2025-11-08 00:00:00-05:00,11,85.86,2025-11-07,06:00
Florida Atlantic,Tulsa,2025-11-08 00:00:00-05:00,11,88.67,2025-11-07,06:00
East Carolina,Charlotte,2025-11-08 00:00:00-05:00,11,79.89,2025-11-07,06:00
Rice,UAB,2025-11-08 00:00:00-05:00,11,66.85,2025-11-07,06:00
Louisiana,Texas State,2025-11-08 00:00:00-05:00,11,88.52,2025-11-07,06:00
Arkansas State,Southern Miss,2025-11-08 00:00:00-05:00,11,85.3,2025-11-07,06:00
Marshall,James Madison,2025-11-08 00:00:00-05:00,11,71.13,2025-11-07,06:00
Coastal Carolina,Georgia State,2025-11-08 00:00:00-05:00,11,103.26,2025-11-07,06:00
Hawai'i,San Diego State,2025-11-08 00:00:00-05:00,11,104.49,2025-11-07,06:00
Colorado State,UNLV,2025-11-08 00:00:00-05:00,11,93.28,2025-11-07,06:00
San José State,Air Force,2025-11-08 00:00:00-05:00,11,104.49,2025-11-07,06:00
Liberty,Missouri State,2025-11-08 00:00:00-05:00,11,84.34,2025-11-07,06:00
Wisconsin,Washington,2025-11-08 00:00:00-05:00,11,76.19,2025-11-07,06:00
Iowa,Oregon,2025-11-08 00:00:00-05:00,11,80.69,2025-11-07,06:00
Purdue,Ohio State,2025-11-08 00:00:00-05:00,11,89.43,2025-11-07,06:00
UCLA,Nebraska,2025-11-08 00:00:00-05:00,11,69.15,2025-11-07,06:00
Rutgers,Maryland,2025-11-08 00:00:00-05:00,11,72.34,2025-11-07,06:00
Penn State,Indiana,2025-11-08 00:00:00-05:00,11,83.27,2025-11-07,06:00
Vanderbilt,Auburn,2025-11-08 00:00:00-05:00,11,86.76,2025-11-07,06:00
Missouri,Texas A&M,2025-11-08 00:00:00-05:00,11,105.95,2025-11-07,06:00
Kentucky,Florida,2025-11-08 00:00:00-05:00,11,78.8,2025-11-07,06:00
Alabama,LSU,2025-11-08 00:00:00-05:00,11,71.06,2025-11-07,06:00
Middle Tennessee,Florida International,2025-11-08 00:00:00-05:00,11,92.69,2025-11-07,06:00
West Virginia,Colorado,2025-11-08 00:00:00-05:00,11,97.48,2025-11-07,06:00
Texas Tech,BYU,2025-11-08 00:00:00-05:00,11,88.83,2025-11-07,06:00
TCU,Iowa State,2025-11-08 00:00:00-05:00,11,75.18,2025-11-07,06:00
Arizona,Kansas,2025-11-08 00:00:00-05:00,11,68.7,2025-11-07,06:00
Virginia,Wake Forest,2025-11-08 00:00:00-05:00,11,90.28,2025-11-07,06:00
Mississippi State,Georgia,2025-11-08 12:00:00-05:00,11,91.33,2025-11-07,06:00
Army,Temple,2025-11-08 12:00:00-05:00,11,88.23,2025-11-07,06:00
Ole Miss,The Citadel,2025-11-08 13:00:00-05:00,11,100.19,2025-11-07,06:00
Delaware,Louisiana Tech,2025-11-08 15:00:00-05:00,11,95.35,2025-11-07,06:00
UTEP,Jacksonville State,2025-11-08 15:00:00-05:00,11,64.31,2025-11-07,06:00
UConn,Duke,2025-11-08 15:30:00-05:00,11,56.73,2025-11-07,06:00
New Mexico State,Kennesaw State,2025-11-08 16:00:00-05:00,11,88.99,2025-11-07,06:00
Notre Dame,Navy,2025-11-08 19:30:00-05:00,11,94.42,2025-11-07,06:00
Utah State,Nevada,2025-11-08 19:30:00-05:00,11,104.49,2025-11-07,06:00
Oregon State,Sam Houston,2025-11-08 22:00:00-05:00,11,69.27,2025-11-07,06:00
Akron,Kent State,2025-11-11 19:30:00-05:00,12,86.78,2025-11-10,06:00
Western Michigan,Ohio,2025-11-11 19:30:00-05:00,12,85.86,2025-11-10,06:00
Central Michigan,Buffalo,2025-11-12 00:00:00-05:00,12,85.41,2025-11-11,06:00
Miami (OH),Toledo,2025-11-12 00:00:00-05:00,12,104.49,2025-11-11,06:00
Massachusetts,Northern Illinois,2025-11-12 00:00:00-05:00,12,105.73,2025-11-11,06:00
Old Dominion,Troy,2025-11-13 19:30:00-05:00,12,106.32,2025-11-12,06:00
Louisville,Clemson,2025-11-14 20:00:00-05:00,12,91.97,2025-11-13,06:00
Oregon,Minnesota,2025-11-14 21:00:00-05:00,12,74.75,2025-11-13,06:00
Florida State,Virginia Tech,2025-11-15 00:00:00-05:00,12,70.12,2025-11-14,06:00
LSU,Arkansas,2025-11-15 00:00:00-05:00,12,48.56,2025-11-14,06:00
Georgia,Texas,2025-11-15 00:00:00-05:00,12,84.52,2025-11-14,06:00
Baylor,Utah,2025-11-15 00:00:00-05:00,12,57.75,2025-11-14,06:00
Arizona State,West Virginia,2025-11-15 00:00:00-05:00,12,89.56,2025-11-14,06:00
Ohio State,UCLA,2025-11-15 00:00:00-05:00,12,59.31,2025-11-14,06:00
Georgia Southern,Coastal Carolina,2025-11-15 00:00:00-05:00,12,96.05,2025-11-14,06:00
Georgia State,Marshall,2025-11-15 00:00:00-05:00,12,96.05,2025-11-14,06:00
James Madison,App State,2025-11-15 00:00:00-05:00,12,83.31,2025-11-14,06:00
UL Monroe,South Alabama,2025-11-15 00:00:00-05:00,12,104.49,2025-11-14,06:00
Southern Miss,Texas State,2025-11-15 00:00:00-05:00,12,75.98,2025-11-14,06:00
BYU,TCU,2025-11-15 00:00:00-05:00,12,72.71,2025-11-14,06:00
Cincinnati,Arizona,2025-11-15 00:00:00-05:00,12,69.66,2025-11-14,06:00
Oklahoma State,Kansas State,2025-11-15 00:00:00-05:00,12,79.01,2025-11-14,06:00
Texas Tech,UCF,2025-11-15 00:00:00-05:00,12,70.98,2025-11-14,06:00
UAB,North Texas,2025-11-15 00:00:00-05:00,12,66.51,2025-11-14,06:00
Charlotte,UTSA,2025-11-15 00:00:00-05:00,12,108.3,2025-11-14,06:00
East Carolina,Memphis,2025-11-15 00:00:00-05:00,12,84.06,2025-11-14,06:00
Tulane,Florida Atlantic,2025-11-15 00:00:00-05:00,12,88.67,2025-11-14,06:00
Florida International,Liberty,2025-11-15 00:00:00-05:00,12,95.81,2025-11-14,06:00
Michigan State,Penn State,2025-11-15 00:00:00-05:00,12,80.18,2025-11-14,06:00
Washington,Purdue,2025-11-15 00:00:00-05:00,12,65.8,2025-11-14,06:00
Indiana,Wisconsin,2025-11-15 00:00:00-05:00,12,68.07,2025-11-14,06:00
Ball State,Eastern Michigan,2025-11-15 00:00:00-05:00,12,102.04,2025-11-14,06:00
Pittsburgh,Notre Dame,2025-11-15 00:00:00-05:00,12,80.19,2025-11-14,06:00
Wake Forest,North Carolina,2025-11-15 00:00:00-05:00,12,81.19,2025-11-14,06:00
Miami,NC State,2025-11-15 00:00:00-05:00,12,87.23,2025-11-14,06:00
Miami,NC State,2025-11-15 00:00:00-05:00,12,88.54,2025-11-14,06:00
Duke,Virginia,2025-11-15 00:00:00-05:00,12,92.9,2025-11-14,06:00
Boston College,Georgia Tech,2025-11-15 00:00:00-05:00,12,64.65,2025-11-14,06:00
USC,Iowa,2025-11-15 00:00:00-05:00,12,87.12,2025-11-14,06:00
Illinois,Maryland,2025-11-15 00:00:00-05:00,12,86.62,2025-11-14,06:00
Northwestern,Michigan,2025-11-15 00:00:00-05:00,12,95.53,2025-11-14,06:00
Missouri,Mississippi State,2025-11-15 00:00:00-05:00,12,105.95,2025-11-14,06:00
Alabama,Oklahoma,2025-11-15 00:00:00-05:00,12,62.64,2025-11-14,06:00
Ole Miss,Florida,2025-11-15 00:00:00-05:00,12,98.78,2025-11-14,06:00
Texas A&M,South Carolina,2025-11-15 00:00:00-05:00,12,90.42,2025-11-14,06:00
Western Kentucky,Middle Tennessee,2025-11-15 00:00:00-05:00,12,100.45,2025-11-14,06:00
Missouri State,UTEP,2025-11-15 00:00:00-05:00,12,100.44,2025-11-14,06:00
New Mexico,Colorado State,2025-11-15 00:00:00-05:00,12,71.7,2025-11-14,06:00
Fresno State,Wyoming,2025-11-15 00:00:00-05:00,12,81.67,2025-11-14,06:00
Navy,South Florida,2025-11-15 12:00:00-05:00,12,72.76,2025-11-14,06:00
UConn,Air Force,2025-11-15 12:00:00-05:00,12,56.73,2025-11-14,06:00
Sam Houston,Delaware,2025-11-15 13:00:00-05:00,12,106.1,2025-11-14,06:00
Kentucky,Tennessee Tech,2025-11-15 13:30:00-05:00,12,71.09,2025-11-14,06:00
Jacksonville State,Kennesaw State,2025-11-15 14:00:00-05:00,12,102.04,2025-11-14,06:00
Nevada,San José State,2025-11-15 15:30:00-05:00,12,87.51,2025-11-14,06:00
Tennessee,New Mexico State,2025-11-15 16:15:00-05:00,12,65.25,2025-11-14,06:00
UNLV,Utah State,2025-11-15 19:00:00-05:00,12,95.95,2025-11-14,06:00
Washington State,Louisiana Tech,2025-11-15 22:00:00-05:00,12,75.99,2025-11-14,06:00
Tulsa,Oregon State,2025-11-15 22:00:00-05:00,12,82.04,2025-11-14,06:00
San Diego State,Boise State,2025-11-15 22:30:00-05:00,12,59.03,2025-11-14,06:00
Bowling Green,Akron,2025-11-18 00:00:00-05:00,13,93.2,2025-11-17,06:00
Northern Illinois,Western Michigan,2025-11-18 00:00:00-05:00,13,104.49,2025-11-17,06:00
Ohio,Massachusetts,2025-11-18 00:00:00-05:00,13,80.27,2025-11-17,06:00
Buffalo,Miami (OH),2025-11-19 19:00:00-05:00,13,94.83,2025-11-18,06:00
Kent State,Central Michigan,2025-11-19 19:00:00-05:00,13,96.05,2025-11-18,06:00
Arkansas State,Louisiana,2025-11-20 19:30:00-05:00,13,85.3,2025-11-19,06:00
NC State,Florida State,2025-11-21 20:00:00-05:00,13,80.68,2025-11-20,06:00
UNLV,Hawai'i,2025-11-21 22:30:00-05:00,13,95.95,2025-11-20,06:00
Middle Tennessee,Sam Houston,2025-11-22 00:00:00-05:00,13,92.69,2025-11-21,06:00
Toledo,Ball State,2025-11-22 00:00:00-05:00,13,96.97,2025-11-21,06:00
Temple,Tulane,2025-11-22 00:00:00-05:00,13,74.5,2025-11-21,06:00
Rice,North Texas,2025-11-22 00:00:00-05:00,13,66.85,2025-11-21,06:00
UTSA,East Carolina,2025-11-22 00:00:00-05:00,13,80.94,2025-11-21,06:00
UAB,South Florida,2025-11-22 00:00:00-05:00,13,66.51,2025-11-21,06:00
Troy,Georgia State,2025-11-22 00:00:00-05:00,13,68.41,2025-11-21,06:00
Texas State,UL Monroe,2025-11-22 00:00:00-05:00,13,88.67,2025-11-21,06:00
South Alabama,Southern Miss,2025-11-22 00:00:00-05:00,13,100.75,2025-11-21,06:00
Georgia Southern,Old Dominion,2025-11-22 00:00:00-05:00,13,96.05,2025-11-21,06:00
App State,Marshall,2025-11-22 00:00:00-05:00,13,104.49,2025-11-21,06:00
San Diego State,San José State,2025-11-22 00:00:00-05:00,13,68.13,2025-11-21,06:00
Wyoming,Nevada,2025-11-22 00:00:00-05:00,13,86.9,2025-11-21,06:00
Wake Forest,Delaware,2025-11-22 00:00:00-05:00,13,80.38,2025-11-21,06:00
Clemson,Furman,2025-11-22 00:00:00-05:00,13,83.54,2025-11-21,06:00
Virginia Tech,Miami,2025-11-22 00:00:00-05:00,13,83.26,2025-11-21,06:00
Wisconsin,Illinois,2025-11-22 00:00:00-05:00,13,84.01,2025-11-21,06:00
James Madison,Washington State,2025-11-22 00:00:00-05:00,13,69.1,2025-11-21,06:00
Stanford,California,2025-11-22 00:00:00-05:00,13,70.65,2025-11-21,06:00
North Carolina,Duke,2025-11-22 00:00:00-05:00,13,75.95,2025-11-21,06:00
Georgia Tech,Pittsburgh,2025-11-22 00:00:00-05:00,13,72.19,2025-11-21,06:00
SMU,Louisville,2025-11-22 00:00:00-05:00,13,64.13,2025-11-21,06:00
Boise State,Colorado State,2025-11-22 00:00:00-05:00,13,70.67,2025-11-21,06:00
Louisiana Tech,Liberty,2025-11-22 00:00:00-05:00,13,89.78,2025-11-21,06:00
Kennesaw State,Missouri State,2025-11-22 00:00:00-05:00,13,102.73,2025-11-21,06:00
Florida Atlantic,UConn,2025-11-22 00:00:00-05:00,13,82.04,2025-11-21,06:00
Utah,Kansas State,2025-11-22 00:00:00-05:00,13,73.39,2025-11-21,06:00
UCF,Oklahoma State,2025-11-22 00:00:00-05:00,13,73.39,2025-11-21,06:00
Iowa State,Kansas,2025-11-22 00:00:00-05:00,13,90.02,2025-11-21,06:00
Houston,TCU,2025-11-22 00:00:00-05:00,13,60.86,2025-11-21,06:00
Colorado,Arizona State,2025-11-22 00:00:00-05:00,13,94.71,2025-11-21,06:00
Cincinnati,BYU,2025-11-22 00:00:00-05:00,13,75.61,2025-11-21,06:00
Arizona,Baylor,2025-11-22 00:00:00-05:00,13,68.7,2025-11-21,06:00
Vanderbilt,Kentucky,2025-11-22 00:00:00-05:00,13,80.97,2025-11-21,06:00
Texas,Arkansas,2025-11-22 00:00:00-05:00,13,56.87,2025-11-21,06:00
South Carolina,Coastal Carolina,2025-11-22 00:00:00-05:00,13,94.65,2025-11-21,06:00
LSU,Western Kentucky,2025-11-22 00:00:00-05:00,13,42.46,2025-11-21,06:00
Florida,Tennessee,2025-11-22 00:00:00-05:00,13,92.57,2025-11-21,06:00
Penn State,Nebraska,2025-11-22 00:00:00-05:00,13,79.92,2025-11-21,06:00
Northwestern,Minnesota,2025-11-22 00:00:00-05:00,13,101.18,2025-11-21,06:00
UCLA,Washington,2025-11-22 00:00:00-05:00,13,69.15,2025-11-21,06:00
Oregon,USC,2025-11-22 00:00:00-05:00,13,74.75,2025-11-21,06:00
Ohio State,Rutgers,2025-11-22 00:00:00-05:00,13,59.31,2025-11-21,06:00
Iowa,Michigan State,2025-11-22 00:00:00-05:00,13,70.35,2025-11-21,06:00
Maryland,Michigan,2025-11-22 00:00:00-05:00,13,75.27,2025-11-21,06:00
Army,Tulsa,2025-11-22 12:00:00-05:00,13,88.23,2025-11-21,06:00
Oklahoma,Missouri,2025-11-22 12:00:00-05:00,13,82.59,2025-11-21,06:00
Texas A&M,Samford,2025-11-22 12:00:00-05:00,13,54.54,2025-11-21,06:00
Georgia,Charlotte,2025-11-22 12:45:00-05:00,13,77.11,2025-11-21,06:00
Auburn,Mercer,2025-11-22 14:00:00-05:00,13,70.99,2025-11-21,06:00
Alabama,Eastern Illinois,2025-11-22 14:00:00-05:00,13,59.01,2025-11-21,06:00
UTEP,New Mexico State,2025-11-22 15:00:00-05:00,13,70.49,2025-11-21,06:00
Notre Dame,Syracuse,2025-11-22 15:30:00-05:00,13,83.58,2025-11-21,06:00
Florida International,Jacksonville State,2025-11-22 15:30:00-05:00,13,95.81,2025-11-21,06:00
Air Force,New Mexico,2025-11-22 19:00:00-05:00,13,73.14,2025-11-21,06:00
Fresno State,Utah State,2025-11-22 22:30:00-05:00,13,81.67,2025-11-21,06:00
Massachusetts,Bowling Green,2025-11-25 00:00:00-05:00,14,105.73,2025-11-24,06:00
Eastern Michigan,Western Michigan,2025-11-25 00:00:00-05:00,14,85.86,2025-11-24,06:00
Memphis,Navy,2025-11-27 19:30:00-05:00,14,96.58,2025-11-26,06:00
UTSA,Army,2025-11-28 00:00:00-05:00,14,84.43,2025-11-27,06:00
Arizona State,Arizona,2025-11-28 00:00:00-05:00,14,89.84,2025-11-27,06:00
Colorado State,Air Force,2025-11-28 00:00:00-05:00,14,88.16,2025-11-27,06:00
Northern Illinois,Kent State,2025-11-28 00:00:00-05:00,14,104.49,2025-11-27,06:00
Buffalo,Ohio,2025-11-28 00:00:00-05:00,14,94.83,2025-11-27,06:00
Mississippi State,Ole Miss,2025-11-28 12:00:00-05:00,14,89.71,2025-11-27,06:00
Nebraska,Iowa,2025-11-28 12:00:00-05:00,14,84.76,2025-11-27,06:00
Kansas,Utah,2025-11-28 12:00:00-05:00,14,54.73,2025-11-27,06:00
New Mexico,San Diego State,2025-11-28 15:30:00-05:00,14,71.7,2025-11-27,06:00
Georgia Tech,Georgia,2025-11-28 15:30:00-05:00,14,78.76,2025-11-27,06:00
Utah State,Boise State,2025-11-28 16:00:00-05:00,14,95.16,2025-11-27,06:00
Texas,Texas A&M,2025-11-28 19:30:00-05:00,14,56.87,2025-11-27,06:00
Purdue,Indiana,2025-11-28 19:30:00-05:00,14,85.19,2025-11-27,06:00
Washington,Oregon,2025-11-29 00:00:00-05:00,14,83.17,2025-11-28,06:00
Tennessee,Vanderbilt,2025-11-29 00:00:00-05:00,14,60.32,2025-11-28,06:00
Oklahoma,LSU,2025-11-29 00:00:00-05:00,14,64.24,2025-11-28,06:00
Louisville,Kentucky,2025-11-29 00:00:00-05:00,14,79.94,2025-11-28,06:00
Florida,Florida State,2025-11-29 00:00:00-05:00,14,86.72,2025-11-28,06:00
Auburn,Alabama,2025-11-29 00:00:00-05:00,14,96.56,2025-11-28,06:00
Arkansas,Missouri,2025-11-29 00:00:00-05:00,14,81.15,2025-11-28,06:00
Stanford,Notre Dame,2025-11-29 00:00:00-05:00,14,65.57,2025-11-28,06:00
App State,Arkansas State,2025-11-29 00:00:00-05:00,14,104.49,2025-11-28,06:00
Coastal Carolina,James Madison,2025-11-29 00:00:00-05:00,14,103.26,2025-11-28,06:00
Marshall,Georgia Southern,2025-11-29 00:00:00-05:00,14,71.13,2025-11-28,06:00
Old Dominion,Georgia State,2025-11-29 00:00:00-05:00,14,106.32,2025-11-28,06:00
Louisiana,UL Monroe,2025-11-29 00:00:00-05:00,14,88.52,2025-11-28,06:00
Oklahoma State,Iowa State,2025-11-29 00:00:00-05:00,14,92.01,2025-11-28,06:00
TCU,Cincinnati,2025-11-29 00:00:00-05:00,14,58.55,2025-11-28,06:00
West Virginia,Texas Tech,2025-11-29 00:00:00-05:00,14,83.12,2025-11-28,06:00
Baylor,Houston,2025-11-29 00:00:00-05:00,14,67.9,2025-11-28,06:00
BYU,UCF,2025-11-29 00:00:00-05:00,14,72.71,2025-11-28,06:00
Kansas State,Colorado,2025-11-29 00:00:00-05:00,14,87.74,2025-11-28,06:00
San José State,Fresno State,2025-11-29 00:00:00-05:00,14,98.86,2025-11-28,06:00
Hawai'i,Wyoming,2025-11-29 00:00:00-05:00,14,104.49,2025-11-28,06:00
Sam Houston,Florida International,2025-11-29 00:00:00-05:00,14,105.58,2025-11-28,06:00
Virginia,Virginia Tech,2025-11-29 00:00:00-05:00,14,88.31,2025-11-28,06:00
Missouri State,Louisiana Tech,2025-11-29 00:00:00-05:00,14,100.44,2025-11-28,06:00
Michigan State,Maryland,2025-11-29 00:00:00-05:00,14,63.03,2025-11-28,06:00
Illinois,Northwestern,2025-11-29 00:00:00-05:00,14,86.74,2025-11-28,06:00
Rutgers,Penn State,2025-11-29 00:00:00-05:00,14,71.94,2025-11-28,06:00
USC,UCLA,2025-11-29 00:00:00-05:00,14,89.6,2025-11-28,06:00
Minnesota,Wisconsin,2025-11-29 00:00:00-05:00,14,82.29,2025-11-28,06:00
Miami (OH),Ball State,2025-11-29 00:00:00-05:00,14,104.49,2025-11-28,06:00
Central Michigan,Toledo,2025-11-29 00:00:00-05:00,14,85.41,2025-11-28,06:00
South Florida,Rice,2025-11-29 00:00:00-05:00,14,80.37,2025-11-28,06:00
Florida Atlantic,East Carolina,2025-11-29 00:00:00-05:00,14,88.67,2025-11-28,06:00
Tulane,Charlotte,2025-11-29 00:00:00-05:00,14,88.67,2025-11-28,06:00
Tulsa,UAB,2025-11-29 00:00:00-05:00,14,88.67,2025-11-28,06:00
North Texas,Temple,2025-11-29 00:00:00-05:00,14,101.85,2025-11-28,06:00
Texas State,South Alabama,2025-11-29 00:00:00-05:00,14,88.67,2025-11-28,06:00
Southern Miss,Troy,2025-11-29 00:00:00-05:00,14,75.98,2025-11-28,06:00
NC State,North Carolina,2025-11-29 00:00:00-05:00,14,82.04,2025-11-28,06:00
Pittsburgh,Miami,2025-11-29 00:00:00-05:00,14,81.67,2025-11-28,06:00
Duke,Wake Forest,2025-11-29 00:00:00-05:00,14,83.61,2025-11-28,06:00
California,SMU,2025-11-29 00:00:00-05:00,14,91.68,2025-11-28,06:00
Syracuse,Boston College,2025-11-29 00:00:00-05:00,14,85.5,2025-11-28,06:00
South Carolina,Clemson,2025-11-29 12:00:00-05:00,14,105.02,2025-11-28,06:00
Michigan,Ohio State,2025-11-29 12:00:00-05:00,14,75.22,2025-11-28,06:00
Delaware,UTEP,2025-11-29 13:00:00-05:00,14,95.35,2025-11-28,06:00
Jacksonville State,Western Kentucky,2025-11-29 14:00:00-05:00,14,102.04,2025-11-28,06:00
New Mexico State,Middle Tennessee,2025-11-29 15:00:00-05:00,14,88.99,2025-11-28,06:00
Liberty,Kennesaw State,2025-11-29 15:30:00-05:00,14,96.05,2025-11-28,06:00
Washington State,Oregon State,2025-11-29 18:30:00-05:00,14,76.59,2025-11-28,06:00
Nevada,UNLV,2025-11-29 21:00:00-05:00,14,77.8,2025-11-28,06:00
Navy,Army,2025-12-13 15:00:00-05:00,16,75.12,2025-12-12,06:00
