event_id,homeTeam,awayTeam,startDateEastern,week,anchor_snapshot_dt,anchor_price,predicted_lowest_price,predicted_lowest_dt,actual_lowest_price,actual_lowest_dt,abs_error,percent_error,timing_signed_error_hours,timing_abs_error_hours
7599539.0,North Carolina State Wolfpack,Virginia Cavaliers,2026-08-29 04:00:00,1.0,2026-03-16 06:46:40,350.0,239.0,2026-06-03 09:00:00,350.0,,111.00108002998485,0.31714594294281384,,
7764135.0,USC Trojans,San Jose State Spartans,2026-08-29 19:00:00,1.0,2026-08-29 11:41:44,6.0,1.71,2026-05-19 18:00:00,6.0,2026-08-28 19:14:49,4.285341067053913,0.7142235111756522,-2425.2469444444446,2425.2469444444446
8118967.0,Virginia Cavaliers,North Carolina State Wolfpack,2026-08-29 19:30:00,1.0,2026-08-29 13:22:50,34.0,17.76,2026-05-19 18:30:00,22.0,2026-08-23 10:45:28,4.244338627804549,0.19292448308202495,-2296.257777777778,2296.257777777778
7841805.0,Eastern Michigan Eagles,Sacramento State Hornets,2026-08-29 22:30:00,1.0,2026-08-29 16:56:12,43.0,25.71,2026-05-19 21:30:00,17.0,2026-08-27 11:41:16,8.711080926168112,0.5124165250687125,-2390.1877777777777,2390.1877777777777
7631070.0,Stanford Cardinal,Hawaii Rainbow Warriors,2026-08-29 23:00:00,1.0,2026-08-29 15:27:54,6.0,1.82,2026-05-19 22:00:00,6.0,2026-08-29 00:19:55,4.176959965628367,0.6961599942713944,-2426.3319444444446,2426.3319444444446
7647985.0,Florida State Seminoles,New Mexico State Aggies,2026-08-29 23:00:00,1.0,2026-08-29 16:56:12,84.0,54.42,2026-05-19 22:00:00,20.0,2026-07-28 10:17:52,34.42121163109376,1.721060581554688,-1668.2977777777778,1668.2977777777778
7682305.0,UNLV Rebels,Memphis Tigers,2026-08-30 02:00:00,1.0,2026-08-29 16:56:12,42.0,27.54,2026-05-20 01:00:00,29.0,2026-07-08 10:22:44,1.4625880029606861,0.05043406906760987,-1185.378888888889,1185.378888888889
7646409.0,Rutgers Scarlet Knights,UMass Minutemen,2026-09-03 22:00:00,1.0,2026-09-03 15:57:03,6.0,2.26,2026-05-24 21:00:00,6.0,2026-09-03 09:06:06,3.7418442384550574,0.6236407064091762,-2436.1016666666665,2436.1016666666665
7657091.0,Buffalo Bulls,UAlbany Great Danes,2026-09-03 23:00:00,1.0,2026-09-03 17:42:05,23.0,8.65,2026-05-24 22:00:00,16.0,2026-09-03 13:55:05,7.346543655963931,0.4591589784977457,-2439.9180555555554,2439.9180555555554
7630606.0,Wake Forest Demon Deacons,Akron Zips,2026-09-03 23:00:00,1.0,2026-09-03 17:42:05,7.0,1.91,2026-05-24 22:00:00,3.0,2026-09-01 21:11:30,1.09138406540706,0.36379468846901997,-2399.1916666666666,2399.1916666666666
7647963.0,UCF Knights,Bethune-Cookman Wildcats,2026-09-03 23:00:00,1.0,2026-09-03 17:42:05,13.0,5.87,2026-05-24 22:00:00,4.0,2026-08-19 00:51:59,1.8706298914472415,0.46765747286181036,-2066.866388888889,2066.866388888889
7601586.0,Kennesaw State Owls,West Georgia Wolves,2026-09-03 23:00:00,1.0,2026-09-03 17:42:05,19.0,9.33,2026-05-24 22:00:00,17.0,2026-09-03 15:57:03,7.673965953860858,0.45140976199181515,-2441.9508333333333,2441.9508333333333
7528873.0,Minnesota Golden Gophers,Eastern Illinois Panthers,2026-09-04 00:00:00,1.0,2026-09-03 17:42:05,14.0,6.82,2026-05-24 23:00:00,8.0,2026-08-04 14:07:20,1.1774747684774498,0.14718434605968123,-1719.1222222222223,1719.1222222222223
7622643.0,Missouri Tigers,Arkansas-Pine Bluff Golden Lions,2026-09-04 00:00:00,1.0,2026-09-03 17:42:05,13.0,4.58,2026-05-24 23:00:00,12.0,2026-08-31 11:59:45,7.419178223288544,0.618264851940712,-2364.9958333333334,2364.9958333333334
7528639.0,Georgia Tech Yellow Jackets,Colorado Buffaloes,2026-09-04 00:00:00,1.0,2026-09-03 19:06:35,94.0,40.19,2026-05-24 23:00:00,45.0,2026-08-27 23:51:28,4.805730979135994,0.10679402175857765,-2280.8577777777778,2280.8577777777778
7647931.0,Kansas Jayhawks,LIU Sharks,2026-09-04 00:00:00,1.0,2026-09-04 16:43:39,11.0,3.96,2026-05-24 23:00:00,11.0,2026-09-04 14:24:22,7.042920071660751,0.6402654610600682,-2463.406111111111,2463.406111111111
7528941.0,Utah Utes,Idaho Vandals,2026-09-04 01:00:00,1.0,2026-09-03 17:42:05,62.0,26.61,2026-05-25 00:00:00,25.0,2026-09-01 15:15:47,1.6074043740195911,0.06429617496078364,-2391.2630555555556,2391.2630555555556
7600381.0,Illinois Fighting Illini,UAB Blazers,2026-09-04 01:00:00,1.0,2026-09-03 19:06:35,2.0,0.78,2026-05-25 00:00:00,2.0,2026-09-03 17:42:05,1.2167983674469327,0.6083991837234664,-2441.7013888888887,2441.7013888888887
7657100.0,Eastern Michigan Eagles,San Jose State Spartans,2026-09-04 22:30:00,1.0,2026-09-04 16:43:39,17.0,6.78,2026-05-25 21:30:00,15.0,2026-09-02 13:58:34,8.215839013331173,0.5477226008887449,-2392.476111111111,2392.476111111111
7646156.0,Purdue Boilermakers,Indiana State Sycamores,2026-09-04 23:00:00,1.0,2026-09-04 16:43:39,2.0,0.76,2026-05-25 22:00:00,2.0,2026-09-04 11:01:03,1.2441057974670238,0.6220528987335119,-2437.0175,2437.0175
7658200.0,Georgia State Panthers,North Carolina A&T Aggies,2026-09-04 23:00:00,1.0,2026-09-04 16:43:39,39.0,14.84,2026-05-25 22:00:00,7.0,2026-08-28 19:14:49,7.838235835412405,1.1197479764874865,-2277.2469444444446,2277.2469444444446
7528957.0,Virginia Tech Hokies,Virginia Military Keydets,2026-09-05 00:00:00,1.0,2026-09-05 17:32:51,107.0,66.71,2026-05-25 23:00:00,50.0,2026-08-19 10:06:58,16.713846536050028,0.33427693072100056,-2051.116111111111,2051.116111111111
7601219.0,Oklahoma Sooners,UTEP Miners,2026-09-05 00:00:00,1.0,2026-09-04 16:43:39,40.0,27.52,2026-05-25 23:00:00,30.0,2026-07-20 14:13:40,2.479835553962168,0.08266118513207227,-1335.2277777777779,1335.2277777777779
7601352.0,Michigan State Spartans,Toledo Rockets,2026-09-05 00:00:00,1.0,2026-09-04 16:43:39,37.0,23.02,2026-05-25 23:00:00,31.0,2026-08-13 04:30:32,7.9837861120383735,0.2575414874851088,-1901.5088888888888,1901.5088888888888
7646753.0,UTSA Roadrunners,University of Texas-Rio Grande Valley,2026-09-05 00:00:00,1.0,2026-09-05 13:45:45,30.0,17.93,2026-05-25 23:00:00,26.0,2026-08-23 04:34:56,8.068062792078226,0.3103101073876241,-2141.5822222222223,2141.5822222222223
7627652.0,USC Trojans,Fresno State Bulldogs,2026-09-05 01:00:00,1.0,2026-09-04 16:43:39,23.0,9.26,2026-05-26 00:00:00,14.0,2026-09-03 10:59:38,4.740275618955989,0.3385911156397135,-2410.9938888888887,2410.9938888888887
7704585.0,Stanford Cardinal,Miami Hurricanes,2026-09-05 01:00:00,1.0,2026-09-04 16:43:39,41.0,15.73,2026-05-26 00:00:00,16.0,2026-08-27 11:41:16,0.26586879287660103,0.016616799554787565,-2243.6877777777777,2243.6877777777777
7622617.0,Alabama Crimson Tide,East Carolina Pirates,2026-09-05 16:00:00,1.0,2026-09-05 09:03:40,6.0,1.31,2026-05-26 15:00:00,4.0,2026-09-04 23:12:16,2.6928862900866415,0.6732215725216604,-2432.2044444444446,2432.2044444444446
7528956.0,Houston Cougars,Oregon State Beavers,2026-09-05 16:00:00,1.0,2026-09-05 09:03:40,22.0,10.38,2026-05-26 15:00:00,20.0,2026-09-03 17:42:05,9.621093586348486,0.4810546793174243,-2402.7013888888887,2402.7013888888887
7601573.0,Bowling Green State Falcons,Tarleton State Texans,2026-09-05 16:00:00,1.0,2026-09-05 09:03:40,12.0,5.03,2026-05-26 15:00:00,11.0,2026-09-03 15:57:03,5.970768120589464,0.5427971018717694,-2400.9508333333333,2400.9508333333333
7601477.0,UConn Huskies,Lafayette Leopards,2026-09-05 16:00:00,1.0,2026-09-05 09:03:40,6.0,1.37,2026-05-26 15:00:00,2.0,2026-08-29 02:44:40,0.634706128848701,0.3173530644243505,-2267.7444444444445,2267.7444444444445
7528951.0,Syracuse Orange,New Hampshire Wildcats,2026-09-05 16:00:00,1.0,2026-09-05 09:03:40,3.0,1.28,2026-05-26 15:00:00,3.0,2026-08-19 18:27:31,1.719812874097246,0.5732709580324153,-2043.4586111111112,2043.4586111111112
7633867.0,Army West Point Black Knights,Bryant Bulldogs,2026-09-05 16:00:00,1.0,2026-09-05 09:03:40,22.0,7.16,2026-05-26 15:00:00,8.0,2026-09-01 16:47:51,0.8394248879388249,0.10492811099235311,-2353.7975,2353.7975
7601294.0,West Virginia Mountaineers,Coastal Carolina Chanticleers,2026-09-05 16:00:00,1.0,2026-09-05 09:03:40,63.0,21.28,2026-05-26 15:00:00,40.0,2026-09-04 19:45:09,18.717220185256014,0.46793050463140035,-2428.7525,2428.7525
7637731.0,Indiana Hoosiers,North Texas Mean Green,2026-09-05 16:00:00,1.0,2026-09-05 09:03:40,38.0,12.01,2026-05-26 15:00:00,30.0,2026-09-04 19:45:09,17.99094658458647,0.5996982194862157,-2428.7525,2428.7525
7528876.0,Nebraska Cornhuskers,Ohio Bobcats,2026-09-05 16:00:00,1.0,2026-09-05 09:03:40,10.0,3.27,2026-05-26 15:00:00,6.0,2026-09-04 13:07:21,2.7275068254283332,0.4545844709047222,-2422.1225,2422.1225
7528905.0,James Madison Dukes,Liberty Flames,2026-09-05 16:00:00,1.0,2026-09-05 09:03:40,56.0,22.05,2026-05-26 15:00:00,39.0,2026-09-03 11:55:07,16.9450833601384,0.4344893169266257,-2396.918611111111,2396.918611111111
7528940.0,Pittsburgh Panthers,Miami (OH) RedHawks,2026-09-05 16:30:00,1.0,2026-09-05 11:59:45,42.0,29.39,2026-05-26 15:30:00,18.0,2026-03-29 14:03:20,11.387623158162913,0.6326457310090507,1393.4444444444443,1393.4444444444443
7528899.0,Ohio State Buckeyes,Ball State Cardinals,2026-09-05 16:30:00,1.0,2026-09-05 11:59:45,33.0,13.3,2026-05-26 15:30:00,33.0,2026-09-04 23:12:16,19.70273517712713,0.5970525811250645,-2431.7044444444446,2431.7044444444446
7615424.0,South Carolina Gamecocks,Kent State Golden Flashes,2026-09-05 16:45:00,1.0,2026-09-05 11:59:45,10.0,2.57,2026-05-26 15:45:00,10.0,2026-09-04 19:45:09,7.433737413233721,0.7433737413233721,-2428.0025,2428.0025
7622693.0,Kentucky Wildcats,Youngstown State Penguins,2026-09-05 17:00:00,1.0,2026-09-05 11:59:45,21.0,12.52,2026-05-26 16:00:00,18.0,2026-08-30 11:36:50,5.48233458579443,0.3045741436552461,-2299.613888888889,2299.613888888889
7643290.0,Air Force Falcons,Duquesne Dukes,2026-09-05 17:00:00,1.0,2026-09-05 09:03:40,29.0,12.85,2026-05-26 16:00:00,18.0,2026-08-21 22:20:24,5.147965337098,0.2859980742832222,-2094.34,2094.34
7528585.0,Iowa State Cyclones,Southeast Missouri State Redhawks,2026-09-05 17:00:00,1.0,2026-09-05 11:59:45,21.0,5.67,2026-05-26 16:00:00,10.0,2026-09-04 01:31:03,4.333886583967425,0.4333886583967425,-2409.5175,2409.5175
7601258.0,Temple Owls,Rhode Island Rams,2026-09-05 18:00:00,1.0,2026-09-05 12:58:01,19.0,6.8,2026-05-26 17:00:00,3.0,2026-08-31 17:39:38,3.8043757648716,1.2681252549572,-2328.6605555555557,2328.6605555555557
7622634.0,Georgia Bulldogs,Tennessee State Tigers,2026-09-05 19:00:00,1.0,2026-09-05 13:45:45,20.0,5.86,2026-05-26 18:00:00,17.0,2026-09-04 23:12:16,11.14171394146905,0.6553949377334735,-2429.2044444444446,2429.2044444444446
7601419.0,Charlotte 49ers,The Citadel Bulldogs,2026-09-05 19:30:00,1.0,2026-09-05 13:45:45,14.0,5.03,2026-07-02 18:30:00,7.0,2026-04-07 16:57:30,1.9673485959645909,0.281049799423513,2065.5416666666665,2065.5416666666665
7601466.0,Tennessee Volunteers,Furman Paladins,2026-09-05 19:30:00,1.0,2026-09-05 13:45:45,24.0,8.52,2026-05-26 18:30:00,22.0,2026-09-05 12:58:01,13.480082915673378,0.6127310416215171,-2442.4669444444444,2442.4669444444444
7646396.0,Oregon Ducks,Boise State Broncos,2026-09-05 19:30:00,1.0,2026-09-05 11:59:45,59.0,46.13,2026-05-26 18:30:00,52.0,2026-03-24 16:07:14,5.86678119153207,0.11282271522177058,1514.3794444444445,1514.3794444444445
7646492.0,Cincinnati Bearcats,Boston College Eagles,2026-09-05 19:30:00,1.0,2026-09-05 13:45:45,24.0,13.16,2026-05-26 18:30:00,24.0,2026-09-05 11:59:45,10.844469302936517,0.45185288762235487,-2441.4958333333334,2441.4958333333334
7384447.0,Texas Longhorns,Texas State Bobcats,2026-09-05 19:30:00,1.0,2026-09-05 13:45:45,116.0,89.73,2026-05-26 18:30:00,72.0,2026-09-03 19:06:35,17.73005847412651,0.24625081214064595,-2400.6097222222224,2400.6097222222224
7646405.0,Penn State Nittany Lions,Marshall Thundering Herd,2026-09-05 19:30:00,1.0,2026-09-05 13:45:45,40.0,25.93,2026-05-26 18:30:00,17.0,2026-07-14 19:56:48,8.934979446478891,0.5255870262634642,-1177.4466666666667,1177.4466666666667
7474843.0,Auburn Tigers,Baylor Bears,2026-09-05 19:30:00,1.0,2026-09-05 13:45:45,45.0,17.47,2026-05-26 18:30:00,40.0,2026-09-05 12:58:01,22.534487584378827,0.5633621896094707,-2442.4669444444444,2442.4669444444444
7642178.0,Appalachian State Mountaineers,Maine Black Bears,2026-09-05 19:30:00,1.0,2026-09-05 13:45:45,76.0,35.39,2026-05-26 18:30:00,30.0,2026-09-03 11:55:07,5.389242273042029,0.17964140910140097,-2393.418611111111,2393.418611111111
7647978.0,Duke Blue Devils,Tulane Green Wave,2026-09-05 19:30:00,1.0,2026-09-05 13:45:45,17.0,6.62,2026-05-26 18:30:00,12.0,2026-09-05 11:59:45,5.383440967103428,0.4486200805919523,-2441.4958333333334,2441.4958333333334
7648171.0,Navy Midshipmen,Towson Tigers,2026-09-05 19:30:00,1.0,2026-09-05 13:45:45,46.0,32.89,2026-05-26 18:30:00,42.0,2026-09-05 11:59:45,9.110139631480521,0.21690808646382193,-2441.4958333333334,2441.4958333333334
7528257.0,Texas Longhorns,Texas State Bobcats,2026-09-05 19:30:00,1.0,2026-06-29 14:42:10,103.0,79.67,2026-05-26 18:30:00,89.0,2026-06-04 16:46:29,9.325896354870437,0.10478535230191502,-214.2747222222222,214.2747222222222
7599938.0,Tulsa Golden Hurricane,Oklahoma State Cowboys,2026-09-05 19:45:00,1.0,2026-09-05 13:45:45,17.0,5.66,2026-05-26 18:45:00,17.0,2026-09-05 11:59:45,11.342357346679313,0.667197490981136,-2441.2458333333334,2441.2458333333334
7528606.0,Iowa Hawkeyes,Northern Illinois Huskies,2026-09-05 20:15:00,1.0,2026-09-05 13:45:45,14.0,5.38,2026-05-26 19:15:00,12.0,2026-09-05 12:58:01,6.6219390446813975,0.5518282537234498,-2441.7169444444444,2441.7169444444444
7622691.0,Arkansas Razorbacks,North Alabama Lions,2026-09-05 20:15:00,1.0,2026-09-05 13:45:45,5.0,1.43,2026-05-26 19:15:00,3.0,2026-08-27 21:59:45,1.5658588877297581,0.5219529625765861,-2234.7458333333334,2234.7458333333334
7624710.0,Southern Miss Golden Eagles,Alcorn State Braves,2026-09-05 21:00:00,1.0,2026-09-05 15:45:51,36.0,12.93,2026-05-26 20:00:00,4.0,2026-07-09 15:29:47,8.926958337569298,2.2317395843923244,-1051.496388888889,1051.496388888889
7658206.0,Old Dominion Monarchs,Norfolk State Spartans,2026-09-05 22:00:00,1.0,2026-09-05 17:32:51,49.0,21.25,2026-05-26 21:00:00,41.0,2026-08-21 22:20:24,19.754815037765326,0.4818247570186665,-2089.34,2089.34
7622647.0,Vanderbilt Commodores,Austin Peay Governors,2026-09-05 23:00:00,1.0,2026-09-05 17:32:51,10.0,3.16,2026-05-26 22:00:00,10.0,2026-09-05 17:32:51,6.841644358081238,0.6841644358081238,-2443.5475,2443.5475
7647959.0,Texas Tech Red Raiders,Abilene Christian Wildcats,2026-09-05 23:00:00,1.0,2026-09-05 17:32:51,82.0,54.09,2026-05-26 22:00:00,30.0,2026-08-19 18:27:31,24.087817372722952,0.8029272457574318,-2036.4586111111112,2036.4586111111112
7647936.0,Kansas State Wildcats,Nicholls State Colonels,2026-09-05 23:00:00,1.0,2026-09-05 17:32:51,31.0,18.68,2026-05-26 22:00:00,30.0,2026-06-04 09:12:50,11.317631394929307,0.3772543798309769,-203.2138888888889,203.2138888888889
7648208.0,South Florida Bulls,Florida International Panthers,2026-09-05 23:00:00,1.0,2026-09-05 17:32:51,39.0,23.23,2026-05-26 22:00:00,12.0,2026-08-10 15:57:40,11.228008972058998,0.9356674143382498,-1817.9611111111112,1817.9611111111112
7658195.0,Georgia Southern Eagles,Charleston Southern Buccaneers,2026-09-05 23:00:00,1.0,2026-09-05 17:32:51,59.0,43.28,2026-05-26 22:00:00,19.0,2026-08-21 11:48:02,24.2802759255,1.2779092592368422,-2077.8005555555555,2077.8005555555555
7658238.0,Troy Trojans,Sam Houston State Bearkats,2026-09-05 23:00:00,1.0,2026-09-05 17:32:51,23.0,18.56,2026-05-26 22:00:00,20.0,2026-09-03 21:47:02,1.4365609280657168,0.07182804640328584,-2399.7838888888887,2399.7838888888887
7601528.0,Memphis Tigers,Arkansas State Red Wolves,2026-09-05 23:00:00,1.0,2026-09-05 17:32:51,17.0,5.3,2026-05-26 22:00:00,12.0,2026-09-02 11:45:54,6.699966018696471,0.5583305015580392,-2365.765,2365.765
7634973.0,Middle Tennessee Blue Raiders,Murray State Racers,2026-09-05 23:00:00,1.0,2026-09-05 13:45:45,29.0,18.82,2026-05-26 22:00:00,17.0,2026-08-22 16:40:28,1.8221803520435813,0.10718707953197537,-2106.6744444444444,2106.6744444444444
7622624.0,Texas A&M Aggies,Missouri State Bears,2026-09-05 23:00:00,1.0,2026-09-05 12:58:01,42.0,13.22,2026-05-26 22:00:00,29.0,2026-09-04 14:24:22,15.779278113671472,0.5441130384024645,-2416.406111111111,2416.406111111111
7646020.0,Rice Owls,Houston Christian Huskies,2026-09-05 23:00:00,1.0,2026-09-05 17:32:51,10.0,3.18,2026-05-26 22:00:00,10.0,2026-09-05 15:45:51,6.82062336351045,0.682062336351045,-2441.764166666667,2441.764166666667
7657079.0,Utah State Aggies,Idaho State Bengals,2026-09-05 23:00:00,1.0,2026-09-05 15:45:51,75.0,45.97,2026-05-26 22:00:00,23.0,2026-09-01 10:38:59,22.973169198527145,0.9988334434142238,-2340.6497222222224,2340.6497222222224
7657153.0,Louisiana Tech Bulldogs,Northwestern State Demons,2026-09-05 23:30:00,1.0,2026-09-05 17:32:51,12.0,4.4,2026-05-26 22:30:00,12.0,2026-09-05 17:32:51,7.598312726626626,0.6331927272188855,-2443.0475,2443.0475
7528283.0,Michigan Wolverines,Western Michigan Broncos,2026-09-05 23:30:00,1.0,2026-09-05 17:32:51,116.0,69.98,2026-05-26 22:30:00,58.0,2026-08-19 13:23:27,11.977434249384174,0.20650748705834784,-2030.8908333333334,2030.8908333333334
7528869.0,Mississippi State Bulldogs,Louisiana Monroe Warhawks,2026-09-05 23:30:00,1.0,2026-09-05 17:32:51,25.0,11.6,2026-05-26 22:30:00,9.0,2026-08-21 22:20:24,2.603406755730173,0.2892674173033526,-2087.84,2087.84
7528255.0,LSU Tigers,Clemson Tigers,2026-09-05 23:30:00,1.0,2026-09-05 17:32:51,157.0,49.06,2026-05-26 22:30:00,47.0,2026-04-29 15:10:16,2.0551204703669086,0.04372596745461508,655.3288888888889,655.3288888888889
7622666.0,Florida Gators,Florida Atlantic Owls,2026-09-05 23:45:00,1.0,2026-09-05 17:32:51,68.0,55.56,2026-05-26 22:45:00,46.0,2026-09-02 15:01:57,9.559423708196483,0.2078135588738366,-2368.2825,2368.2825
7646488.0,BYU Cougars,Utah Tech Trailblazers,2026-09-06 00:00:00,1.0,2026-09-05 17:32:51,100.0,65.92,2026-05-26 23:00:00,61.0,2026-06-24 18:49:09,4.920428893860844,0.08066276875181712,-691.8191666666667,691.8191666666667
7646382.0,Northwestern Wildcats,South Dakota State Jackrabbits,2026-09-06 00:00:00,1.0,2026-09-05 17:32:51,17.0,7.46,2026-05-26 23:00:00,15.0,2026-09-05 13:45:45,7.541570474490312,0.5027713649660208,-2438.7625,2438.7625
7601525.0,Louisiana-Lafayette Ragin' Cajuns,Lamar Cardinals,2026-09-06 00:00:00,1.0,2026-09-05 17:32:51,19.0,7.83,2026-05-26 23:00:00,19.0,2026-09-05 17:32:51,11.168100016878718,0.5877947377304589,-2442.5475,2442.5475
7528867.0,Maryland Terrapins,Hampton Pirates,2026-09-06 00:00:00,1.0,2026-09-05 19:10:05,2.0,0.83,2026-05-26 23:00:00,2.0,2026-08-08 14:30:00,1.1659153772844681,0.5829576886422341,-1767.5,1767.5
7657169.0,New Mexico State Aggies,Mercyhurst Lakers,2026-09-06 01:00:00,1.0,2026-09-05 17:32:51,38.0,24.6,2026-05-27 00:00:00,34.0,2026-08-28 22:49:28,9.395236639961539,0.2763304894106335,-2254.8244444444445,2254.8244444444445
7646483.0,Arizona Wildcats,Northern Arizona Lumberjacks,2026-09-06 01:30:00,1.0,2026-09-05 17:32:51,28.0,20.95,2026-05-27 00:30:00,14.0,2026-05-21 23:15:29,6.951913274172256,0.49656523386944684,121.24194444444444,121.24194444444444
7657068.0,San Diego State Aztecs,Portland State Vikings,2026-09-06 01:30:00,1.0,2026-09-05 17:32:51,26.0,14.06,2026-05-27 00:30:00,12.0,2026-08-10 15:57:40,2.0628496154601876,0.1719041346216823,-1815.4611111111112,1815.4611111111112
7792063.0,Hawaii Rainbow Warriors,UNLV Rebels,2026-09-06 02:00:00,1.0,2026-09-05 15:45:51,48.0,17.98,2026-05-27 01:00:00,24.0,2026-08-20 19:09:58,6.018835078867923,0.2507847949528301,-2058.166111111111,2058.166111111111
7627827.0,Arizona State Sun Devils,Morgan State Bears,2026-09-06 02:00:00,1.0,2026-09-05 17:32:51,12.0,7.02,2026-05-27 01:00:00,10.0,2026-09-03 10:59:38,2.977166921008436,0.2977166921008436,-2385.9938888888887,2385.9938888888887
7642183.0,New Mexico Lobos,Central Michigan Chippewas,2026-09-06 02:00:00,1.0,2026-09-05 19:10:05,43.0,19.54,2026-05-27 01:00:00,21.0,2026-08-29 23:31:36,1.463462548629522,0.069688692791882,-2278.5266666666666,2278.5266666666666
7643295.0,Nevada Wolf Pack,Western Kentucky Hilltoppers,2026-09-06 02:30:00,1.0,2026-09-05 17:32:51,13.0,5.6,2026-05-27 01:30:00,13.0,2026-09-05 17:32:51,7.400154814141193,0.569242678010861,-2440.0475,2440.0475
7601131.0,California Golden Bears,UCLA Bruins,2026-09-06 02:30:00,1.0,2026-09-05 17:32:51,85.0,63.66,2026-05-27 01:30:00,50.0,2026-08-13 19:54:49,13.660779466129249,0.273215589322585,-1890.413611111111,1890.413611111111
7601363.0,Washington Huskies,Washington State Cougars,2026-09-06 20:00:00,1.0,2026-09-06 11:54:32,82.0,51.91,2026-05-27 19:00:00,59.0,2026-08-22 04:01:43,7.093204535709823,0.12022380568999701,-2073.0286111111113,2073.0286111111113
7528898.0,Wisconsin Badgers,Notre Dame Fighting Irish,2026-09-06 23:30:00,1.0,2026-07-21 12:17:00,300.0,116.42,2026-05-27 22:30:00,287.0,2026-06-30 21:36:56,170.57722277606666,0.5943457239584204,-815.1155555555556,815.1155555555556
7415469.0,Wisconsin Badgers,Notre Dame Fighting Irish,2026-09-06 23:30:00,1.0,2026-09-06 13:23:14,156.0,60.54,2026-05-27 22:30:00,113.0,2026-09-05 19:10:05,52.46015584355467,0.464249166757121,-2420.6680555555554,2420.6680555555554
7621051.0,Louisville Cardinals,Mississippi Rebels,2026-09-06 23:30:00,1.0,2026-09-06 13:23:14,73.0,57.34,2026-05-27 22:30:00,65.0,2026-09-06 08:52:36,7.657272688817187,0.11780419521257211,-2434.3766666666666,2434.3766666666666
7704589.0,Florida State Seminoles,Southern Methodist (SMU) Mustangs,2026-09-07 23:30:00,1.0,2026-09-06 13:23:14,38.0,22.67,2026-05-28 22:30:00,23.0,2026-09-04 11:01:03,0.3348533502594577,0.014558841315628597,-2364.5175,2364.5175
7647993.0,Miami Hurricanes,Florida A&M Rattlers,2026-09-11 00:00:00,2.0,2026-09-10 17:52:57,35.0,12.84,2026-05-31 23:00:00,4.0,2026-08-30 13:43:40,8.838082862091902,2.2095207155229755,-2174.7277777777776,2174.7277777777776
7704641.0,Louisville Cardinals,Villanova Wildcats,2026-09-11 23:00:00,2.0,2026-09-11 17:25:45,19.0,8.32,2026-06-01 22:00:00,6.0,2026-07-28 21:08:18,2.3167309700968914,0.3861218283494819,-1367.1383333333333,1367.1383333333333
7648002.0,North Carolina State Wolfpack,Richmond Spiders,2026-09-11 23:00:00,2.0,2026-09-11 17:25:45,23.0,10.0,2026-06-01 22:00:00,17.0,2026-08-21 22:20:24,7.003719024520361,0.4119834720306095,-1944.34,1944.34
7528953.0,Virginia Cavaliers,Norfolk State Spartans,2026-09-11 23:00:00,2.0,2026-09-11 17:25:45,11.0,3.08,2026-06-01 22:00:00,7.0,2026-09-11 13:28:11,3.9150144023312876,0.5592877717616125,-2439.469722222222,2439.469722222222
7647972.0,Boston College Eagles,Rutgers Scarlet Knights,2026-09-11 23:30:00,2.0,2026-09-11 17:25:45,43.0,25.0,2026-06-01 22:30:00,14.0,2026-09-09 10:24:03,10.998380841681225,0.7855986315486589,-2387.900833333333,2387.900833333333
7528282.0,Kansas Jayhawks,Missouri Tigers,2026-09-12 00:00:00,2.0,2026-09-11 17:25:45,100.0,37.37,2026-06-01 23:00:00,100.0,2026-09-11 13:28:11,62.634173244296385,0.6263417324429639,-2438.469722222222,2438.469722222222
7646283.0,Indiana Hoosiers,Howard Bison,2026-09-12 16:00:00,2.0,2026-09-12 09:44:14,16.0,5.67,2026-06-02 15:00:00,16.0,2026-09-12 05:22:46,10.32989309481609,0.6456183184260056,-2438.3794444444443,2438.3794444444443
7622627.0,Texas A&M Aggies,Arizona State Sun Devils,2026-09-12 16:00:00,2.0,2026-09-12 09:44:14,28.0,6.64,2026-06-02 15:00:00,24.0,2026-09-11 16:13:44,17.36461148685482,0.7235254786189508,-2425.228888888889,2425.228888888889
7528284.0,Michigan Wolverines,Oklahoma Sooners,2026-09-12 16:00:00,2.0,2026-09-12 09:44:14,40.0,9.57,2026-06-02 15:00:00,40.0,2026-09-12 09:44:14,30.434461640072705,0.7608615410018176,-2442.737222222222,2442.737222222222
7828994.0,Kent State Golden Flashes,Wofford Terriers,2026-09-12 16:00:00,2.0,2026-09-12 09:44:14,33.0,22.78,2026-06-02 15:00:00,10.0,2026-08-27 11:41:16,12.775647035687133,1.2775647035687132,-2060.6877777777777,2060.6877777777777
7528632.0,Kansas State Wildcats,Washington State Cougars,2026-09-12 16:00:00,2.0,2026-09-12 09:44:14,12.0,3.07,2026-06-02 15:00:00,12.0,2026-09-11 01:19:44,8.925079979118156,0.7437566649265129,-2410.3288888888887,2410.3288888888887
7528615.0,Oklahoma State Cowboys,Oregon Ducks,2026-09-12 16:00:00,2.0,2026-09-12 09:44:14,13.0,3.59,2026-06-02 15:00:00,13.0,2026-09-12 09:44:14,9.40560520919019,0.72350809301463,-2442.737222222222,2442.737222222222
7646159.0,Purdue Boilermakers,Wake Forest Demon Deacons,2026-09-12 16:00:00,2.0,2026-09-12 09:44:14,3.0,1.2,2026-06-02 15:00:00,3.0,2026-09-09 23:50:23,1.8012992501072982,0.6004330833690994,-2384.839722222222,2384.839722222222
7528959.0,Virginia Tech Hokies,Old Dominion Monarchs,2026-09-12 16:00:00,2.0,2026-09-12 09:44:14,12.0,4.05,2026-06-02 15:00:00,12.0,2026-09-12 09:44:14,7.9535124700646955,0.6627927058387246,-2442.737222222222,2442.737222222222
7648163.0,East Carolina Pirates,Appalachian State Mountaineers,2026-09-12 16:00:00,2.0,2026-09-12 09:44:14,37.0,10.14,2026-06-02 15:00:00,25.0,2026-09-11 17:25:45,14.860265006686799,0.594410600267472,-2426.429166666667,2426.429166666667
7601264.0,Temple Owls,Penn State Nittany Lions,2026-09-12 16:00:00,2.0,2026-09-12 09:44:14,80.0,36.48,2026-06-02 15:00:00,50.0,2026-09-09 17:52:43,13.522096345646744,0.2704419269129349,-2378.8786111111112,2378.8786111111112
7764794.0,Army West Point Black Knights,South Florida Bulls,2026-09-12 16:00:00,2.0,2026-09-12 09:44:14,12.0,2.61,2026-06-02 15:00:00,11.0,2026-09-12 03:56:31,8.387759960484484,0.7625236327713167,-2436.9419444444443,2436.9419444444443
7648006.0,North Carolina Tar Heels,East Tennessee State Buccaneers,2026-09-12 16:00:00,2.0,2026-09-12 09:44:14,23.0,7.6,2026-06-02 15:00:00,18.0,2026-09-04 14:24:22,10.404776659463659,0.578043147747981,-2255.406111111111,2255.406111111111
7622637.0,Georgia Bulldogs,Western Kentucky Hilltoppers,2026-09-12 16:45:00,2.0,2026-09-12 11:48:32,12.0,2.85,2026-06-02 15:45:00,12.0,2026-09-12 11:48:32,9.149886563029778,0.7624905469191482,-2444.0588888888888,2444.0588888888888
7657104.0,Miami (OH) RedHawks,Holy Cross Crusaders,2026-09-12 17:00:00,2.0,2026-09-12 09:44:14,19.0,6.53,2026-06-02 16:00:00,19.0,2026-09-12 09:44:14,12.467269751143018,0.656172092165422,-2441.737222222222,2441.737222222222
7657095.0,Central Michigan Chippewas,Colgate Raiders,2026-09-12 17:00:00,2.0,2026-09-12 11:48:32,47.0,31.55,2026-06-02 16:00:00,26.0,2026-09-10 21:14:08,5.550553276874098,0.21348281834131144,-2405.2355555555555,2405.2355555555555
7601298.0,West Virginia Mountaineers,UT Martin Skyhawks,2026-09-12 17:00:00,2.0,2026-09-12 11:48:32,36.0,16.3,2026-06-02 16:00:00,32.0,2026-09-11 11:22:13,15.702169148253507,0.4906927858829221,-2419.3702777777776,2419.3702777777776
7657089.0,Ball State Cardinals,Stony Brook Seawolves,2026-09-12 18:00:00,2.0,2026-09-12 11:48:32,36.0,16.93,2026-06-02 17:00:00,19.0,2026-08-04 14:07:20,2.0708869547557143,0.10899405025030075,-1509.1222222222223,1509.1222222222223
7601473.0,Notre Dame Fighting Irish,Rice Owls,2026-09-12 19:30:00,2.0,2026-09-12 13:51:11,22.0,5.82,2026-06-02 18:30:00,20.0,2026-09-12 11:48:32,14.184846834364125,0.7092423417182062,-2441.3088888888888,2441.3088888888888
7601479.0,UConn Huskies,Maryland Terrapins,2026-09-12 19:30:00,2.0,2026-09-12 13:51:11,22.0,10.42,2026-06-02 18:30:00,11.0,2026-09-01 21:11:30,0.581649613123961,0.05287723755672373,-2186.6916666666666,2186.6916666666666
7648200.0,UAB Blazers,Louisiana Monroe Warhawks,2026-09-12 19:30:00,2.0,2026-09-12 13:51:11,17.0,5.6,2026-06-02 18:30:00,10.0,2026-09-11 21:47:41,4.3979668952886914,0.43979668952886913,-2427.2947222222224,2427.2947222222224
7656874.0,Texas State Bobcats,UTSA Roadrunners,2026-09-12 19:30:00,2.0,2026-09-12 13:51:11,24.0,10.14,2026-06-02 18:30:00,24.0,2026-09-12 13:51:11,13.858457507561964,0.5774357294817485,-2443.3530555555553,2443.3530555555553
7528874.0,Minnesota Golden Gophers,Mississippi State Bulldogs,2026-09-12 19:30:00,2.0,2026-09-12 13:51:11,66.0,41.42,2026-06-02 18:30:00,34.0,2026-07-09 23:34:00,7.421855295091888,0.21828986162034963,-893.0666666666667,893.0666666666667
7620881.0,Kentucky Wildcats,Alabama Crimson Tide,2026-09-12 19:30:00,2.0,2026-09-12 13:51:11,164.0,130.15,2026-06-02 18:30:00,129.0,2026-08-19 10:06:58,1.1464516076140967,0.008887221764450361,-1863.6161111111112,1863.6161111111112
7657123.0,UMass Minutemen,Sacred Heart Pioneers,2026-09-12 19:30:00,2.0,2026-09-12 13:51:11,26.0,9.23,2026-06-02 18:30:00,4.0,2026-09-10 14:25:52,5.230020890740597,1.3075052226851493,-2395.931111111111,2395.931111111111
7648008.0,Pittsburgh Panthers,UCF Knights,2026-09-12 19:30:00,2.0,2026-09-12 13:51:11,24.0,9.52,2026-06-02 18:30:00,15.0,2026-09-12 11:48:32,5.483888240825715,0.36559254938838104,-2441.3088888888888,2441.3088888888888
7528955.0,Colorado Buffaloes,Weber State Wildcats,2026-09-12 19:30:00,2.0,2026-09-12 11:48:32,65.0,50.57,2026-06-02 18:30:00,38.0,2026-09-11 11:22:13,12.574065405033174,0.3308964580271888,-2416.8702777777776,2416.8702777777776
7601354.0,Michigan State Spartans,Eastern Michigan Eagles,2026-09-12 19:30:00,2.0,2026-09-12 13:51:11,29.0,17.63,2026-06-02 18:30:00,24.0,2026-09-11 23:20:15,6.374823317051909,0.2656176382104962,-2428.8375,2428.8375
7692955.0,BYU Cougars,Arizona Wildcats,2026-09-12 19:30:00,2.0,2026-09-12 11:48:32,75.0,27.1,2026-06-02 18:30:00,64.0,2026-09-10 13:12:04,36.8969511058115,0.5765148610283047,-2394.701111111111,2394.701111111111
7528906.0,James Madison Dukes,Wagner Seahawks,2026-09-12 19:30:00,2.0,2026-09-12 11:48:32,19.0,6.74,2026-06-02 18:30:00,17.0,2026-09-11 11:22:13,10.263489446938767,0.6037346733493392,-2416.8702777777776,2416.8702777777776
7601365.0,Washington Huskies,Utah State Aggies,2026-09-12 19:30:00,2.0,2026-09-12 11:48:32,10.0,5.85,2026-06-02 18:30:00,8.0,2026-09-10 13:12:04,2.1533852548314387,0.26917315685392984,-2394.701111111111,2394.701111111111
7600387.0,Illinois Fighting Illini,Duke Blue Devils,2026-09-12 19:30:00,2.0,2026-09-12 13:51:11,15.0,10.73,2026-06-02 18:30:00,12.0,2026-06-25 11:30:17,1.2714679894343774,0.10595566578619812,-545.0047222222222,545.0047222222222
7657085.0,Akron Zips,Robert Morris Colonials,2026-09-12 19:30:00,2.0,2026-09-12 13:51:11,24.0,18.95,2026-06-02 18:30:00,20.0,2026-08-20 07:42:20,1.0476982016862486,0.05238491008431243,-1885.2055555555555,1885.2055555555555
7657114.0,Toledo Rockets,Central Connecticut State Blue Devils,2026-09-12 19:30:00,2.0,2026-09-12 13:51:11,12.0,4.8,2026-06-02 18:30:00,12.0,2026-09-02 13:58:34,7.1993684139642555,0.5999473678303546,-2203.476111111111,2203.476111111111
7704537.0,Syracuse Orange,California Golden Bears,2026-09-12 19:30:00,2.0,2026-09-12 13:51:11,22.0,8.07,2026-06-02 18:30:00,3.0,2026-08-31 07:07:37,5.069711248083758,1.6899037493612525,-2148.6269444444442,2148.6269444444442
7648173.0,North Texas Mean Green,UNLV Rebels,2026-09-12 19:45:00,2.0,2026-09-12 13:51:11,8.0,2.77,2026-06-02 18:45:00,8.0,2026-09-12 11:48:32,5.228283190208506,0.6535353987760633,-2441.0588888888888,2441.0588888888888
7658241.0,Troy Trojans,Alabama State Hornets,2026-09-12 20:00:00,2.0,2026-09-12 13:51:11,31.0,24.14,2026-06-02 19:00:00,24.0,2026-06-23 10:33:47,0.1423480386908409,0.005931168278785037,-495.56305555555554,495.56305555555554
7642967.0,Wyoming Cowboys,Northern Colorado Bears,2026-09-12 20:00:00,2.0,2026-09-12 13:51:11,77.0,52.61,2026-06-02 19:00:00,25.0,2026-09-09 06:22:46,27.61016654186932,1.1044066616747727,-2363.3794444444443,2363.3794444444443
7648013.0,Southern Methodist (SMU) Mustangs,UC Davis Aggies,2026-09-12 20:00:00,2.0,2026-09-12 09:44:14,4.0,1.32,2026-06-02 19:00:00,4.0,2026-09-11 16:13:44,2.681599903968693,0.6703999759921733,-2421.228888888889,2421.228888888889
7642184.0,New Mexico Lobos,Mercyhurst Lakers,2026-09-12 20:00:00,2.0,2026-09-12 13:51:11,12.0,4.46,2026-06-02 19:00:00,12.0,2026-09-01 21:11:30,7.540902581805078,0.6284085484837565,-2186.1916666666666,2186.1916666666666
7601470.0,Vanderbilt Commodores,Delaware Blue Hens,2026-09-12 20:15:00,2.0,2026-09-12 13:51:11,8.0,2.54,2026-06-02 19:15:00,6.0,2026-09-11 11:22:13,3.461681350285433,0.5769468917142389,-2416.1202777777776,2416.1202777777776
7622668.0,Florida Gators,Campbell Fighting Camels,2026-09-12 21:30:00,2.0,2026-09-12 15:33:22,19.0,9.17,2026-06-02 20:30:00,17.0,2026-09-10 10:02:58,7.828624446491464,0.4605073203818508,-2389.5494444444444,2389.5494444444444
7528901.0,Boise State Broncos,Memphis Tigers,2026-09-12 22:00:00,2.0,2026-09-12 15:33:22,123.0,65.03,2026-06-02 21:00:00,32.0,2026-07-17 16:49:07,33.02906754644134,1.0321583608262919,-1075.818611111111,1075.818611111111
7657110.0,Ohio Bobcats,Jacksonville State Gamecocks,2026-09-12 22:00:00,2.0,2026-09-12 15:33:22,27.0,15.99,2026-06-02 21:00:00,12.0,2026-09-02 11:45:54,3.9942381411042263,0.33285317842535217,-2198.765,2198.765
7803430.0,Liberty Flames,Gardner-Webb Runnin' Bulldogs,2026-09-12 22:00:00,2.0,2026-09-12 15:33:22,17.0,8.08,2026-06-02 21:00:00,17.0,2026-09-12 09:44:14,8.915740019860396,0.5244552952859056,-2436.737222222222,2436.737222222222
7657140.0,Florida International Panthers,Buffalo Bulls,2026-09-12 22:00:00,2.0,2026-09-12 15:33:22,19.0,11.22,2026-06-02 21:00:00,14.0,2026-09-10 11:26:32,2.7806076139954055,0.19861482957110038,-2390.4422222222224,2390.4422222222224
7528958.0,Houston Cougars,Southern Jaguars,2026-09-12 23:00:00,2.0,2026-09-12 17:43:13,22.0,13.22,2026-06-02 22:00:00,19.0,2026-08-17 18:59:36,5.782724195059089,0.30435390500310994,-1820.9933333333333,1820.9933333333333
7528877.0,Nebraska Cornhuskers,Bowling Green State Falcons,2026-09-12 23:00:00,2.0,2026-09-12 17:43:13,43.0,17.57,2026-06-02 22:00:00,17.0,2026-07-09 23:34:00,0.5670375533212457,0.033355150195367396,-889.5666666666667,889.5666666666667
7648190.0,Tulane Green Wave,South Alabama Jaguars,2026-09-12 23:00:00,2.0,2026-09-12 17:43:13,25.0,11.17,2026-06-02 22:00:00,8.0,2026-09-10 11:26:32,3.171599441658536,0.396449930207317,-2389.4422222222224,2389.4422222222224
7658212.0,Arkansas State Red Wolves,West Georgia Wolves,2026-09-12 23:00:00,2.0,2026-09-12 17:43:13,19.0,7.57,2026-06-02 22:00:00,15.0,2026-09-11 17:25:45,7.4293669058209755,0.4952911270547317,-2419.429166666667,2419.429166666667
7601588.0,Kennesaw State Owls,Georgia State Panthers,2026-09-12 23:00:00,2.0,2026-09-12 17:43:13,108.0,69.72,2026-06-02 22:00:00,28.0,2026-07-19 21:39:05,41.71866875928971,1.4899524556889183,-1127.651388888889,1127.651388888889
7646513.0,Cincinnati Bearcats,Western Carolina Catamounts,2026-09-12 23:00:00,2.0,2026-09-12 17:43:13,16.0,9.85,2026-06-02 22:00:00,12.0,2026-08-27 21:59:45,2.1492090169106035,0.17910075140921697,-2063.9958333333334,2063.9958333333334
7622680.0,South Carolina Gamecocks,Towson Tigers,2026-09-12 23:00:00,2.0,2026-09-12 17:43:13,20.0,6.97,2026-06-02 22:00:00,20.0,2026-09-12 11:48:32,13.02971032888253,0.6514855164441264,-2437.8088888888888,2437.8088888888888
7657108.0,Northern Illinois Huskies,Illinois State Redbirds,2026-09-12 23:00:00,2.0,2026-09-12 17:43:13,36.0,18.52,2026-06-02 22:00:00,36.0,2026-09-11 09:44:03,17.479934383895227,0.48555373288597853,-2411.7341666666666,2411.7341666666666
7528640.0,Georgia Tech Yellow Jackets,Tennessee Volunteers,2026-09-12 23:00:00,2.0,2026-09-12 17:43:13,100.0,41.58,2026-06-02 22:00:00,100.0,2026-09-12 17:43:13,58.419226882256936,0.5841922688225694,-2443.720277777778,2443.720277777778
7633853.0,Colorado State Rams,Southern Utah Thunderbirds,2026-09-12 23:00:00,2.0,2026-09-12 15:33:22,18.0,8.73,2026-06-02 22:00:00,10.0,2026-08-31 01:48:52,1.2666285107153215,0.12666285107153213,-2139.8144444444442,2139.8144444444442
7528908.0,UCLA Bruins,San Diego State Aztecs,2026-09-12 23:15:00,2.0,2026-09-12 15:33:22,23.0,7.36,2026-06-02 22:15:00,19.0,2026-09-10 20:14:30,11.644768315509467,0.6128825429215509,-2397.991666666667,2397.991666666667
7528895.0,Wisconsin Badgers,Western Illinois Leathernecks,2026-09-12 23:15:00,2.0,2026-09-12 17:43:13,15.0,4.71,2026-06-02 22:15:00,6.0,2026-09-11 11:22:13,1.292934991161946,0.21548916519365768,-2413.1202777777776,2413.1202777777776
7622700.0,LSU Tigers,Louisiana Tech Bulldogs,2026-09-12 23:30:00,2.0,2026-09-12 17:43:13,5.0,1.49,2026-06-02 22:30:00,5.0,2026-09-12 17:43:13,3.509580064361024,0.7019160128722048,-2443.220277777778,2443.220277777778
7764832.0,Florida Atlantic Owls,Navy Midshipmen,2026-09-12 23:30:00,2.0,2026-09-12 17:43:13,33.0,19.54,2026-06-02 22:30:00,12.0,2026-09-09 15:52:48,7.539884494864324,0.6283237079053604,-2369.38,2369.38
7657028.0,Oregon State Beavers,Texas Tech Red Raiders,2026-09-12 23:30:00,2.0,2026-09-12 15:33:22,11.0,3.36,2026-06-02 22:30:00,11.0,2026-09-12 15:33:22,7.639771136099404,0.6945246487363095,-2441.056111111111,2441.056111111111
7601531.0,Coastal Carolina Chanticleers,Fordham Rams,2026-09-12 23:30:00,2.0,2026-09-12 17:43:13,36.0,23.63,2026-06-02 22:30:00,30.0,2026-09-12 07:57:56,6.373665578827023,0.2124555192942341,-2433.4655555555555,2433.4655555555555
7601423.0,Clemson Tigers,Georgia Southern Eagles,2026-09-12 23:30:00,2.0,2026-09-12 17:43:13,15.0,7.63,2026-06-02 22:30:00,12.0,2026-07-09 23:34:00,4.368158143523871,0.3640131786269893,-889.0666666666667,889.0666666666667
7384449.0,Texas Longhorns,Ohio State Buckeyes,2026-09-12 23:30:00,2.0,2026-09-12 17:43:13,673.0,539.55,2026-06-02 22:30:00,359.0,2026-09-08 20:28:41,180.55087930629531,0.5029272404075078,-2349.9780555555553,2349.9780555555553
7528607.0,Iowa Hawkeyes,Iowa State Cyclones,2026-09-12 23:30:00,2.0,2026-09-12 17:43:13,180.0,147.41,2026-06-02 22:30:00,129.0,2026-09-11 01:19:44,18.413556582762226,0.14274074870358314,-2402.8288888888887,2402.8288888888887
7622664.0,Auburn Tigers,Southern Miss Golden Eagles,2026-09-12 23:45:00,2.0,2026-09-12 17:43:13,12.0,4.46,2026-06-02 22:45:00,12.0,2026-09-12 17:43:13,7.535375898211736,0.6279479915176447,-2442.970277777778,2442.970277777778
7601421.0,Charlotte 49ers,Mississippi Rebels,2026-09-12 23:45:00,2.0,2026-09-12 00:08:04,50.0,14.16,2026-06-02 22:45:00,24.0,2026-09-03 15:57:03,9.839030143094785,0.40995958929561604,-2225.2008333333333,2225.2008333333333
7622629.0,Mississippi Rebels,Charlotte 49ers,2026-09-12 23:45:00,2.0,2026-09-12 17:43:13,21.0,7.11,2026-06-02 22:45:00,15.0,2026-09-12 15:33:22,7.885096199504413,0.5256730799669609,-2440.806111111111,2440.806111111111
7647955.0,TCU Horned Frogs,Grambling State Tigers,2026-09-13 00:00:00,2.0,2026-09-12 17:43:13,17.0,7.13,2026-06-02 23:00:00,13.0,2026-09-11 11:22:13,5.871360679860029,0.4516431292200022,-2412.3702777777776,2412.3702777777776
7627874.0,Baylor Bears,Prairie View A&M Panthers,2026-09-13 00:08:00,2.0,2026-09-12 17:43:13,5.0,1.88,2026-06-02 23:08:00,4.0,2026-09-12 09:44:14,2.1188143438995364,0.5297035859748841,-2434.603888888889,2434.603888888889
7657180.0,UTEP Miners,Texas Southern Tigers,2026-09-13 01:00:00,2.0,2026-09-12 17:43:13,16.0,7.42,2026-06-03 00:00:00,15.0,2026-09-11 13:28:11,7.579917731859833,0.5053278487906555,-2413.469722222222,2413.469722222222
7695492.0,San Jose State Spartans,Cal Poly Mustangs,2026-09-13 01:00:00,2.0,2026-09-12 00:08:04,41.0,22.53,2026-06-03 00:00:00,14.0,2026-09-02 17:22:14,8.526647347244122,0.6090462390888659,-2201.3705555555557,2201.3705555555557
7792038.0,Air Force Falcons,North Dakota State Bison,2026-09-13 02:00:00,2.0,2026-09-12 19:30:35,29.0,13.95,2026-06-03 01:00:00,23.0,2026-09-06 05:08:45,9.050292147255309,0.39349096292414387,-2284.1458333333335,2284.1458333333335
7528943.0,Utah Utes,Arkansas Razorbacks,2026-09-13 02:15:00,2.0,2026-09-12 19:30:35,76.0,40.92,2026-06-03 01:15:00,68.0,2026-08-17 14:39:44,27.080897264369035,0.3982484891818976,-1813.4122222222222,1813.4122222222222
7643296.0,Nevada Wolf Pack,Montana State Bobcats,2026-09-13 02:30:00,2.0,2026-09-12 17:43:13,30.0,6.19,2026-06-03 01:30:00,16.0,2026-09-11 23:20:15,9.812352633358548,0.6132720395849093,-2421.8375,2421.8375
7657040.0,Fresno State Bulldogs,Sacramento State Hornets,2026-09-13 02:30:00,2.0,2026-09-12 17:43:13,34.0,22.15,2026-06-03 01:30:00,23.0,2026-08-19 23:51:13,0.8501461939158972,0.03696287799634335,-1870.3536111111111,1870.3536111111111
7627657.0,USC Trojans,Louisiana Lafayette Ragin Cajuns,2026-09-13 03:00:00,2.0,2026-09-12 19:30:35,13.0,2.32,2026-06-03 02:00:00,8.0,2026-09-12 15:33:22,5.681480813362023,0.7101851016702528,-2437.556111111111,2437.556111111111
7643286.0,Hawaii Rainbow Warriors,New Mexico State Aggies,2026-09-13 03:59:00,2.0,2026-09-12 17:43:13,22.0,10.02,2026-06-03 02:59:00,19.0,2026-09-12 15:33:22,8.977264251544659,0.472487592186561,-2436.572777777778,2436.572777777778
