event_id,homeTeam,awayTeam,startDateEastern,week,homeConference,awayConference,predicted_lowest_price,optimal_purchase_date,optimal_purchase_time,optimal_source,observed_lowest_price_num,observed_lowest_dt
7697925.0,Notre Dame Fighting Irish,Stanford Cardinal,2026-10-10 19:30:00,6.0,FBS Independents,ACC,231.17,2026-10-10,18:30,catboost,52.0,2026-09-10T17:52:57
7704559.0,California Golden Bears,Stanford Cardinal,2026-11-21 05:00:00,12.0,ACC,ACC,63.85,2026-11-20,16:00,catboost,71.0,2026-10-02T19:57:27
7707532.0,Penn State Nittany Lions,USC Trojans,2026-10-10 23:30:00,6.0,Big Ten,Big Ten,107.41,2026-10-10,22:30,catboost,50.0,2026-10-08T15:46:25
7704583.0,Virginia Tech Hokies,Stanford Cardinal,2026-11-14 05:00:00,11.0,ACC,ACC,77.6,2026-11-13,16:00,catboost,42.0,2026-08-31T21:41:46
7707557.0,UCLA Bruins,USC Trojans,2026-11-28 05:00:00,13.0,Big Ten,Big Ten,182.75,2026-11-27,16:00,catboost,93.0,2026-05-21T23:15:29
7704636.0,North Carolina Tar Heels,Miami Hurricanes,2026-10-31 04:00:00,9.0,ACC,ACC,40.49,2026-10-30,15:00,catboost,45.0,2026-09-16T23:46:19
7707392.0,USC Trojans,Maryland Terrapins,2026-11-21 05:00:00,12.0,Big Ten,Big Ten,26.89,2026-11-21,04:00,catboost,26.0,2026-08-28T11:46:20
7601481.0,UConn Huskies,North Carolina Tar Heels,2026-11-07 17:00:00,10.0,FBS Independents,ACC,16.41,2026-11-07,16:00,catboost,16.0,2026-10-03T14:23:54
7707318.0,Indiana Hoosiers,USC Trojans,2026-11-14 05:00:00,11.0,Big Ten,Big Ten,185.38,2026-11-13,16:00,catboost,94.0,2026-05-06T16:25:31
7707537.0,Penn State Nittany Lions,Rutgers Scarlet Knights,2026-11-21 05:00:00,12.0,Big Ten,Big Ten,8.66,2026-11-20,16:00,catboost,7.0,2026-10-05T19:08:10
7707543.0,Wisconsin Badgers,USC Trojans,2026-10-24 04:00:00,8.0,Big Ten,Big Ten,71.55,2026-10-23,15:00,catboost,68.0,2026-07-27T23:39:30
7697928.0,Notre Dame Fighting Irish,Miami Hurricanes,2026-11-08 00:30:00,10.0,FBS Independents,ACC,658.98,2026-11-07,11:30,catboost,72.0,2026-09-10T17:52:57
7693061.0,TCU Horned Frogs,West Virginia Mountaineers,2026-10-24 04:00:00,8.0,Big 12,Big 12,28.88,2026-10-23,15:00,catboost,31.0,2026-10-05T17:22:32
7707576.0,Rutgers Scarlet Knights,Nebraska Cornhuskers,2026-11-14 05:00:00,11.0,Big Ten,Big Ten,21.24,2026-11-13,16:00,catboost,23.0,2026-07-15T18:13:03
7707556.0,UCLA Bruins,Illinois Fighting Illini,2026-11-14 02:00:00,11.0,Big Ten,Big Ten,42.39,2026-11-13,13:00,catboost,40.0,2026-09-25T18:20:53
7528939.0,Florida State Seminoles,Florida Gators,2026-11-27 20:30:00,13.0,ACC,SEC,162.0,2026-11-27,07:30,catboost,135.0,2026-08-21T11:48:02
7704570.0,Pittsburgh Panthers,Florida State Seminoles,2026-11-14 00:00:00,11.0,ACC,ACC,29.56,2026-11-13,11:00,catboost,31.0,2026-08-31T19:43:35
7764873.0,Memphis Tigers,East Carolina Pirates,2026-10-22 23:30:00,8.0,American Athletic,American Athletic,14.32,2026-10-22,22:30,catboost,15.0,2026-10-09T17:16:36
7764825.0,Tulane Green Wave,Memphis Tigers,2026-10-16 23:30:00,7.0,American Athletic,American Athletic,9.76,2026-10-15,22:30,catboost,10.0,2026-10-10T15:31:38
7704489.0,Virginia Cavaliers,California Golden Bears,2026-11-14 05:00:00,11.0,ACC,ACC,14.6,2026-11-13,16:00,catboost,10.0,2026-08-09T11:17:51
7707580.0,Rutgers Scarlet Knights,Michigan State Spartans,2026-11-28 05:00:00,13.0,Big Ten,Big Ten,16.17,2026-11-27,16:00,catboost,19.0,2026-10-10T01:49:59
7707389.0,USC Trojans,Ohio State Buckeyes,2026-10-31 04:00:00,9.0,Big Ten,Big Ten,189.45,2026-10-30,15:00,catboost,135.0,2026-10-08T10:35:08
7707581.0,Maryland Terrapins,Rutgers Scarlet Knights,2026-10-17 16:30:00,7.0,Big Ten,Big Ten,1.93,2026-10-17,03:30,catboost,2.0,2026-10-10T15:31:38
7707397.0,Minnesota Golden Gophers,UCLA Bruins,2026-11-07 05:00:00,10.0,Big Ten,Big Ten,40.66,2026-11-06,16:00,catboost,13.0,2026-10-02T17:48:55
7707583.0,Maryland Terrapins,Illinois Fighting Illini,2026-10-31 04:00:00,9.0,Big Ten,Big Ten,2.57,2026-10-30,15:00,catboost,3.0,2026-10-08T21:50:20
7704521.0,Duke Blue Devils,North Carolina Tar Heels,2026-10-17 19:30:00,7.0,ACC,ACC,68.71,2026-10-17,06:30,catboost,55.0,2026-08-09T23:50:26
7704627.0,Georgia Tech Yellow Jackets,Boston College Eagles,2026-10-24 04:00:00,8.0,ACC,ACC,19.03,2026-10-23,15:00,catboost,11.0,2026-09-28T00:21:19
7764945.0,South Florida Bulls,Memphis Tigers,2026-11-13 01:00:00,11.0,American Athletic,American Athletic,15.14,2026-11-12,12:00,catboost,17.0,2026-10-02T05:47:20
7704623.0,North Carolina State Wolfpack,Syracuse Orange,2026-11-14 05:00:00,11.0,ACC,ACC,32.88,2026-11-13,16:00,catboost,37.0,2026-10-03T09:50:08
7764871.0,Memphis Tigers,UAB Blazers,2026-10-10 23:00:00,6.0,American Athletic,American Athletic,12.38,2026-10-10,22:00,catboost,12.0,2026-10-09T17:16:36
7693062.0,TCU Horned Frogs,Kansas Jayhawks,2026-10-31 04:00:00,9.0,Big 12,Big 12,17.83,2026-10-31,03:00,catboost,21.0,2026-10-10T12:45:29
7620892.0,Mississippi Rebels,Missouri Tigers,2026-10-17 19:30:00,7.0,SEC,SEC,174.73,2026-10-17,06:30,catboost,71.0,2026-04-02T18:04:18
7704482.0,Virginia Cavaliers,Syracuse Orange,2026-10-10 23:30:00,6.0,ACC,ACC,16.2,2026-10-10,22:30,catboost,14.0,2026-10-10T15:31:38
7704557.0,California Golden Bears,Wake Forest Demon Deacons,2026-10-17 04:00:00,7.0,ACC,ACC,10.93,2026-10-16,15:00,catboost,12.0,2026-10-06T10:05:09
7704536.0,Wake Forest Demon Deacons,Duke Blue Devils,2026-11-28 05:00:00,13.0,ACC,ACC,11.29,2026-11-27,16:00,catboost,11.0,2026-09-08T20:28:41
7704577.0,Clemson Tigers,Georgia Tech Yellow Jackets,2026-11-14 05:00:00,11.0,ACC,ACC,18.5,2026-11-14,04:00,catboost,21.0,2026-10-06T21:53:44
7764789.0,UAB Blazers,East Carolina Pirates,2026-10-15 23:30:00,7.0,American Athletic,American Athletic,14.81,2026-10-13,22:30,catboost,13.0,2026-10-07T23:52:53
7707527.0,Northwestern Wildcats,Illinois Fighting Illini,2026-11-28 05:00:00,13.0,Big Ten,Big Ten,114.38,2026-11-27,16:00,catboost,121.0,2026-09-25T00:45:43
7707399.0,Minnesota Golden Gophers,Northwestern Wildcats,2026-11-21 05:00:00,12.0,Big Ten,Big Ten,18.81,2026-11-21,04:00,catboost,6.0,2026-10-02T17:48:55
7692975.0,Utah Utes,BYU Cougars,2026-11-07 05:00:00,10.0,Big 12,Big 12,287.43,2026-11-06,16:00,catboost,181.0,2026-08-17T14:39:44
7624701.0,Georgia Bulldogs,Georgia Tech Yellow Jackets,2026-11-28 05:00:00,13.0,SEC,ACC,78.34,2026-11-28,04:00,catboost,78.0,2026-10-07T15:29:07
7764877.0,Memphis Tigers,Temple Owls,2026-11-27 05:00:00,13.0,American Athletic,American Athletic,18.62,2026-11-26,16:00,catboost,22.0,2026-07-08T10:22:44
7620852.0,Arkansas Razorbacks,Missouri Tigers,2026-10-31 04:00:00,9.0,SEC,SEC,4.53,2026-10-31,03:00,catboost,4.0,2026-09-23T13:05:54
7693164.0,Kansas Jayhawks,UCF Knights,2026-11-07 05:00:00,10.0,Big 12,Big 12,25.07,2026-11-06,16:00,catboost,20.0,2026-09-28T23:54:03
7693066.0,TCU Horned Frogs,Kansas State Wildcats,2026-11-14 05:00:00,11.0,Big 12,Big 12,29.63,2026-11-13,16:00,catboost,31.0,2026-10-05T11:57:04
7704660.0,Louisville Cardinals,Stanford Cardinal,2026-10-31 04:00:00,9.0,ACC,ACC,14.81,2026-10-30,15:00,catboost,6.0,2026-07-29T09:50:36
7707379.0,Illinois Fighting Illini,Oregon Ducks,2026-10-24 04:00:00,8.0,Big Ten,Big Ten,24.79,2026-10-23,15:00,catboost,22.0,2026-08-19T18:27:31
7620965.0,Missouri Tigers,Kentucky Wildcats,2026-11-21 05:00:00,12.0,SEC,SEC,64.15,2026-11-20,16:00,catboost,63.0,2026-09-18T17:38:02
7648040.0,Virginia Tech Hokies,Virginia Cavaliers,2026-11-28 05:00:00,13.0,ACC,ACC,146.11,2026-11-27,16:00,catboost,64.0,2026-08-28T22:49:28
7693039.0,Arizona Wildcats,Utah Utes,2026-11-14 05:00:00,11.0,Big 12,Big 12,20.23,2026-11-13,16:00,catboost,20.0,2026-06-06T04:17:59
7620877.0,Georgia Bulldogs,Missouri Tigers,2026-11-14 05:00:00,11.0,SEC,SEC,88.19,2026-11-13,16:00,catboost,59.0,2026-10-02T13:55:57
7764888.0,Navy Midshipmen,Memphis Tigers,2026-11-21 17:00:00,12.0,American Athletic,American Athletic,36.62,2026-11-21,16:00,catboost,38.0,2026-10-09T22:59:44
7693166.0,Colorado Buffaloes,Kansas State Wildcats,2026-10-31 04:00:00,9.0,Big 12,Big 12,60.44,2026-10-30,15:00,catboost,67.0,2026-08-05T11:58:12
7764790.0,UAB Blazers,Charlotte 49ers,2026-11-07 05:00:00,10.0,American Athletic,American Athletic,15.38,2026-11-06,16:00,catboost,12.0,2026-06-30T09:36:23
7693199.0,UCF Knights,Arizona State Sun Devils,2026-11-14 05:00:00,11.0,Big 12,Big 12,15.63,2026-11-13,16:00,catboost,11.0,2026-09-04T01:31:03
7707316.0,Indiana Hoosiers,Minnesota Golden Gophers,2026-10-31 04:00:00,9.0,Big Ten,Big Ten,50.92,2026-10-30,15:00,catboost,55.0,2026-10-05T17:22:32
7734859.0,Fresno State Bulldogs,Colorado State Rams,2026-11-22 00:30:00,12.0,Pac-12,Pac-12,26.33,2026-11-21,11:30,catboost,30.0,2026-10-09T05:28:22
7707382.0,Illinois Fighting Illini,Nebraska Cornhuskers,2026-11-07 01:00:00,10.0,Big Ten,Big Ten,24.25,2026-11-06,12:00,catboost,24.0,2026-08-19T23:51:13
7704650.0,Miami Hurricanes,Duke Blue Devils,2026-11-14 05:00:00,11.0,ACC,ACC,33.88,2026-11-13,16:00,catboost,24.0,2026-08-31T13:44:24
7620966.0,Missouri Tigers,Texas Longhorns,2026-11-07 05:00:00,10.0,SEC,SEC,177.32,2026-11-06,16:00,catboost,152.0,2026-06-18T04:20:37
7707536.0,Penn State Nittany Lions,Minnesota Golden Gophers,2026-11-14 05:00:00,11.0,Big Ten,Big Ten,19.87,2026-11-13,16:00,catboost,8.0,2026-08-05T22:34:42
7693036.0,Arizona Wildcats,TCU Horned Frogs,2026-11-07 03:15:00,10.0,Big 12,Big 12,16.06,2026-11-06,14:15,catboost,10.0,2026-08-16T17:57:09
7764943.0,South Florida Bulls,UAB Blazers,2026-10-31 04:00:00,9.0,American Athletic,American Athletic,10.88,2026-10-30,15:00,catboost,8.0,2026-09-03T03:17:37
7764931.0,North Texas Mean Green,UAB Blazers,2026-11-28 05:00:00,13.0,American Athletic,American Athletic,10.8,2026-11-27,16:00,catboost,12.0,2026-10-06T21:53:44
7601486.0,UConn Huskies,UMass Minutemen,2026-10-23 23:00:00,8.0,FBS Independents,Mid-American,17.59,2026-10-19,22:00,catboost,10.0,2026-09-02T21:37:04
7704629.0,Georgia Tech Yellow Jackets,Louisville Cardinals,2026-11-07 05:00:00,10.0,ACC,ACC,16.21,2026-11-06,16:00,catboost,15.0,2026-09-25T23:40:16
7693194.0,UCF Knights,BYU Cougars,2026-10-24 04:00:00,8.0,Big 12,Big 12,42.41,2026-10-23,15:00,catboost,32.0,2026-08-13T19:54:49
7693184.0,Oklahoma State Cowboys,Colorado Buffaloes,2026-10-24 04:00:00,8.0,Big 12,Big 12,145.07,2026-10-23,15:00,catboost,108.0,2026-08-31T10:37:30
7693054.0,Arizona State Sun Devils,Colorado Buffaloes,2026-11-07 05:00:00,10.0,Big 12,Big 12,73.51,2026-11-06,16:00,catboost,46.0,2026-07-11T04:54:28
7693170.0,Colorado Buffaloes,Houston Cougars,2026-11-14 03:15:00,11.0,Big 12,Big 12,47.05,2026-11-13,14:15,catboost,50.0,2026-08-28T11:46:20
7692978.0,Utah Utes,West Virginia Mountaineers,2026-11-28 02:00:00,13.0,Big 12,Big 12,63.28,2026-11-27,13:00,catboost,61.0,2026-09-11T21:47:41
7764951.0,Temple Owls,UAB Blazers,2026-11-14 05:00:00,11.0,American Athletic,American Athletic,5.48,2026-11-13,16:00,catboost,6.0,2026-09-01T00:52:33
7693197.0,UCF Knights,Baylor Bears,2026-10-30 23:30:00,9.0,Big 12,Big 12,19.47,2026-10-26,22:30,catboost,13.0,2026-08-19T18:27:31
7707395.0,Minnesota Golden Gophers,Iowa Hawkeyes,2026-10-24 04:00:00,8.0,Big Ten,Big Ten,119.28,2026-10-23,15:00,catboost,70.0,2026-04-09T15:51:49
7704655.0,Miami Hurricanes,Virginia Tech Hokies,2026-11-21 05:00:00,12.0,ACC,ACC,32.17,2026-11-20,16:00,catboost,23.0,2026-08-19T00:51:59
7764875.0,Memphis Tigers,Army West Point Black Knights,2026-10-31 04:00:00,9.0,American Athletic,FBS Independents,20.37,2026-10-30,15:00,catboost,23.0,2026-10-05T11:57:04
7764791.0,UAB Blazers,UTSA Roadrunners,2026-11-21 05:00:00,12.0,American Athletic,American Athletic,14.16,2026-11-20,16:00,catboost,16.0,2026-10-01T17:24:53
7620963.0,Missouri Tigers,Oklahoma Sooners,2026-11-28 05:00:00,13.0,SEC,SEC,108.98,2026-11-27,16:00,catboost,102.0,2026-10-04T09:43:10
7692974.0,Utah Utes,Houston Cougars,2026-10-24 04:00:00,8.0,Big 12,Big 12,216.3,2026-10-23,15:00,catboost,72.0,2026-08-17T14:39:44
7704649.0,Miami Hurricanes,Pittsburgh Panthers,2026-10-24 04:00:00,8.0,ACC,ACC,36.23,2026-10-23,15:00,catboost,20.0,2026-08-27T11:41:16
7704597.0,Florida State Seminoles,Clemson Tigers,2026-10-31 04:00:00,9.0,ACC,ACC,46.86,2026-10-30,15:00,catboost,50.0,2026-10-07T15:29:07
7707385.0,Illinois Fighting Illini,Iowa Hawkeyes,2026-11-21 05:00:00,12.0,Big Ten,Big Ten,18.34,2026-11-20,16:00,catboost,19.0,2026-06-19T22:21:36
7707523.0,Northwestern Wildcats,Rutgers Scarlet Knights,2026-10-24 04:00:00,8.0,Big Ten,Big Ten,84.48,2026-10-23,15:00,catboost,85.0,2026-09-25T15:13:07
7707547.0,Wisconsin Badgers,Minnesota Golden Gophers,2026-11-28 00:30:00,13.0,Big Ten,Big Ten,31.21,2026-11-27,11:30,catboost,25.0,2026-09-05T11:59:45
7693150.0,Cincinnati Bearcats,Utah Utes,2026-10-31 04:00:00,9.0,Big 12,Big 12,24.16,2026-10-30,15:00,catboost,23.0,2026-10-01T15:50:34
7693202.0,UCF Knights,Iowa State Cyclones,2026-11-20 23:00:00,12.0,Big 12,Big 12,10.76,2026-11-20,22:00,catboost,10.0,2026-08-29T13:22:50
7704566.0,Pittsburgh Panthers,North Carolina Tar Heels,2026-10-10 16:00:00,6.0,ACC,ACC,25.64,2026-10-10,15:00,catboost,25.0,2026-10-10T09:53:47
7704531.0,Wake Forest Demon Deacons,Virginia Cavaliers,2026-10-31 04:00:00,9.0,ACC,ACC,10.88,2026-10-30,15:00,catboost,11.0,2026-10-02T23:37:53
7693182.0,Oklahoma State Cowboys,UCF Knights,2026-10-10 16:00:00,6.0,Big 12,Big 12,34.45,2026-10-10,15:00,catboost,34.0,2026-10-10T09:53:47
7734904.0,Texas State Bobcats,Fresno State Bulldogs,2026-11-14 21:00:00,11.0,Pac-12,Pac-12,23.48,2026-11-10,20:00,catboost,17.0,2026-09-08T20:28:41
7707552.0,UCLA Bruins,Michigan State Spartans,2026-10-24 04:00:00,8.0,Big Ten,Big Ten,48.2,2026-10-23,15:00,catboost,51.0,2026-09-25T21:28:18
7692971.0,Utah Utes,Kansas Jayhawks,2026-10-11 02:15:00,6.0,Big 12,Big 12,42.24,2026-10-11,01:15,catboost,41.0,2026-10-10T17:48:44
7707533.0,Penn State Nittany Lions,Purdue Boilermakers,2026-10-31 04:00:00,9.0,Big Ten,Big Ten,18.11,2026-10-30,15:00,catboost,12.0,2026-08-04T14:07:20
7704644.0,Miami Hurricanes,Florida State Seminoles,2026-10-17 23:00:00,7.0,ACC,ACC,200.74,2026-10-17,10:00,catboost,108.0,2026-09-09T19:53:22
7697930.0,Notre Dame Fighting Irish,Boston College Eagles,2026-11-14 20:30:00,11.0,FBS Independents,ACC,66.77,2026-11-14,19:30,catboost,52.0,2026-09-10T17:52:57
7707599.0,Purdue Boilermakers,Maryland Terrapins,2026-11-07 05:00:00,10.0,Big Ten,Big Ten,3.53,2026-11-07,04:00,catboost,4.0,2026-10-05T15:05:04
7707593.0,Michigan State Spartans,Illinois Fighting Illini,2026-10-10 19:30:00,6.0,Big Ten,Big Ten,35.11,2026-10-10,18:30,catboost,32.0,2026-10-09T15:40:54
7707320.0,Indiana Hoosiers,Purdue Boilermakers,2026-11-28 05:00:00,13.0,Big Ten,Big Ten,87.29,2026-11-27,16:00,catboost,80.0,2026-09-25T21:28:18
7704493.0,Boston College Eagles,Florida State Seminoles,2026-11-07 05:00:00,10.0,ACC,ACC,13.85,2026-11-06,16:00,catboost,15.0,2026-09-22T15:45:02
7620968.0,Oklahoma Sooners,Kentucky Wildcats,2026-10-17 23:30:00,7.0,SEC,SEC,36.95,2026-10-17,22:30,catboost,37.0,2026-10-02T07:49:30
7693161.0,Kansas Jayhawks,Baylor Bears,2026-10-24 04:00:00,8.0,Big 12,Big 12,37.89,2026-10-23,15:00,catboost,42.0,2026-10-09T19:29:30
7704582.0,Virginia Tech Hokies,Georgia Tech Yellow Jackets,2026-10-17 19:30:00,7.0,ACC,ACC,131.18,2026-10-17,18:30,catboost,86.0,2026-08-22T04:01:43
7707605.0,Michigan State Spartans,Oregon Ducks,2026-11-21 01:00:00,12.0,Big Ten,Big Ten,30.99,2026-11-20,12:00,catboost,23.0,2026-09-21T07:55:43
7707358.0,Iowa Hawkeyes,Purdue Boilermakers,2026-11-14 05:00:00,11.0,Big Ten,Big Ten,34.96,2026-11-13,16:00,catboost,26.0,2026-07-03T10:01:32
7707340.0,Michigan Wolverines,Michigan State Spartans,2026-11-07 05:00:00,10.0,Big Ten,Big Ten,103.05,2026-11-06,16:00,catboost,120.0,2026-10-01T23:14:59
7734913.0,Utah State Aggies,Colorado State Rams,2026-10-31 19:30:00,9.0,Pac-12,Pac-12,23.43,2026-10-31,06:30,catboost,23.0,2026-09-06T13:23:14
7707596.0,Purdue Boilermakers,Washington Huskies,2026-10-17 00:00:00,7.0,Big Ten,Big Ten,4.28,2026-10-16,23:00,catboost,5.0,2026-10-09T11:26:00
7707597.0,Michigan State Spartans,Northwestern Wildcats,2026-10-17 16:00:00,7.0,Big Ten,Big Ten,33.54,2026-10-17,15:00,catboost,32.0,2026-10-09T09:51:22
7693177.0,Kansas State Wildcats,Kansas Jayhawks,2026-10-17 16:00:00,7.0,Big 12,Big 12,142.8,2026-10-17,15:00,catboost,155.0,2026-06-11T01:02:45
7734891.0,San Diego State Aztecs,Fresno State Bulldogs,2026-10-18 02:30:00,7.0,Pac-12,Pac-12,33.08,2026-10-17,13:30,catboost,22.0,2026-08-19T11:18:32
7734914.0,Utah State Aggies,Fresno State Bulldogs,2026-11-08 02:30:00,10.0,Pac-12,Pac-12,19.85,2026-11-07,13:30,catboost,18.0,2026-09-03T03:17:37
7693188.0,Oklahoma State Cowboys,Kansas Jayhawks,2026-11-28 05:00:00,13.0,Big 12,Big 12,44.42,2026-11-28,04:00,catboost,47.0,2026-09-10T17:52:57
7704555.0,Syracuse Orange,Notre Dame Fighting Irish,2026-11-28 05:00:00,13.0,ACC,FBS Independents,53.35,2026-11-27,16:00,catboost,60.0,2026-10-09T17:16:36
7707604.0,Michigan State Spartans,Washington Huskies,2026-11-14 05:00:00,11.0,Big Ten,Big Ten,24.92,2026-11-14,04:00,catboost,22.0,2026-08-28T16:08:17
7704567.0,Pittsburgh Panthers,Georgia Tech Yellow Jackets,2026-10-31 04:00:00,9.0,ACC,ACC,28.13,2026-10-31,03:00,catboost,20.0,2026-04-03T14:51:14
7707591.0,Purdue Boilermakers,Minnesota Golden Gophers,2026-10-11 00:00:00,6.0,Big Ten,Big Ten,2.7,2026-10-10,23:00,catboost,3.0,2026-10-06T13:46:15
7693436.0,West Virginia Mountaineers,Kansas Jayhawks,2026-11-14 05:00:00,11.0,Big 12,Big 12,48.83,2026-11-14,04:00,catboost,48.0,2026-06-04T09:12:50
7620960.0,Mississippi State Bulldogs,Oklahoma Sooners,2026-10-24 04:00:00,8.0,SEC,SEC,47.17,2026-10-23,15:00,catboost,36.0,2026-09-02T11:45:54
7792030.0,Nevada Wolf Pack,San Jose State Spartans,2026-10-24 21:00:00,8.0,Mountain West,Mountain West,23.22,2026-10-24,08:00,catboost,23.0,2026-07-08T00:47:45
7734839.0,Colorado State Rams,Boise State Broncos,2026-11-07 23:00:00,10.0,Pac-12,Pac-12,22.5,2026-11-07,22:00,catboost,19.0,2026-08-17T18:59:36
7707602.0,Purdue Boilermakers,Wisconsin Badgers,2026-11-21 05:00:00,12.0,Big Ten,Big Ten,5.03,2026-11-21,04:00,catboost,4.0,2026-07-29T09:50:36
7704618.0,North Carolina State Wolfpack,Wake Forest Demon Deacons,2026-10-10 16:00:00,6.0,ACC,ACC,9.93,2026-10-10,15:00,catboost,10.0,2026-10-10T09:53:47
7792113.0,UNLV Rebels,Wyoming Cowboys,2026-11-08 03:30:00,10.0,Mountain West,Mountain West,32.51,2026-11-07,14:30,catboost,33.0,2026-07-03T15:24:12
7620868.0,Florida Gators,Oklahoma Sooners,2026-11-07 05:00:00,10.0,SEC,SEC,135.78,2026-11-06,16:00,catboost,139.0,2026-10-10T17:48:44
7620969.0,Oklahoma Sooners,South Carolina Gamecocks,2026-10-31 04:00:00,9.0,SEC,SEC,24.77,2026-10-30,15:00,catboost,29.0,2026-10-09T21:21:40
7704637.0,North Carolina Tar Heels,Louisville Cardinals,2026-11-14 05:00:00,11.0,ACC,ACC,46.8,2026-11-13,16:00,catboost,28.0,2026-08-07T20:30:16
7734853.0,Fresno State Bulldogs,Boise State Broncos,2026-10-11 02:30:00,6.0,Pac-12,Pac-12,57.77,2026-10-11,01:30,catboost,43.0,2026-08-23T07:06:32
7601427.0,Clemson Tigers,South Carolina Gamecocks,2026-11-28 05:00:00,13.0,ACC,SEC,64.82,2026-11-27,16:00,catboost,64.0,2026-10-02T05:47:20
7620883.0,Kentucky Wildcats,Vanderbilt Commodores,2026-10-24 04:00:00,8.0,SEC,SEC,42.79,2026-10-23,15:00,catboost,33.0,2026-07-17T21:59:59
7792114.0,UNLV Rebels,Nevada Wolf Pack,2026-11-29 02:00:00,13.0,Mountain West,Mountain West,41.17,2026-11-28,13:00,catboost,42.0,2026-10-05T20:55:13
7792012.0,New Mexico Lobos,UNLV Rebels,2026-11-15 00:30:00,11.0,Mountain West,Mountain West,29.23,2026-11-14,11:30,catboost,28.0,2026-08-27T11:41:16
7620995.0,Vanderbilt Commodores,Alabama Crimson Tide,2026-11-14 05:00:00,11.0,SEC,SEC,178.21,2026-11-13,16:00,catboost,131.0,2026-04-20T11:49:59
7734837.0,Colorado State Rams,San Diego State Aztecs,2026-10-24 22:30:00,8.0,Pac-12,Pac-12,20.11,2026-10-24,21:30,catboost,21.0,2026-10-06T21:53:44
7707405.0,Washington Huskies,Penn State Nittany Lions,2026-11-07 05:00:00,10.0,Big Ten,Big Ten,76.27,2026-11-06,16:00,catboost,50.0,2026-04-07T16:57:30
7707587.0,Maryland Terrapins,Penn State Nittany Lions,2026-11-28 05:00:00,13.0,Big Ten,Big Ten,26.41,2026-11-27,16:00,catboost,22.0,2026-10-06T01:44:43
7707407.0,Washington Huskies,Indiana Hoosiers,2026-11-21 05:00:00,12.0,Big Ten,Big Ten,59.31,2026-11-20,16:00,catboost,64.0,2026-10-06T13:46:15
7620880.0,Kentucky Wildcats,Florida Gators,2026-11-14 05:00:00,11.0,SEC,SEC,81.42,2026-11-13,16:00,catboost,67.0,2026-07-16T10:23:26
7707325.0,Oregon Ducks,Nebraska Cornhuskers,2026-10-17 04:00:00,7.0,Big Ten,Big Ten,110.37,2026-10-16,15:00,catboost,77.0,2026-03-06T00:00:00
7707517.0,Nebraska Cornhuskers,Washington Huskies,2026-10-31 04:00:00,9.0,Big Ten,Big Ten,113.11,2026-10-30,15:00,catboost,43.0,2026-04-30T01:59:27
7599144.0,Ohio State Buckeyes,Northwestern Wildcats,2026-11-14 05:00:00,11.0,Big Ten,Big Ten,66.67,2026-11-14,04:00,catboost,50.0,2026-09-28T21:37:24
7734701.0,Boise State Broncos,Texas State Bobcats,2026-11-01 02:00:00,9.0,Pac-12,Pac-12,31.67,2026-11-01,01:00,catboost,16.0,2026-08-04T14:07:20
7599142.0,Ohio State Buckeyes,Maryland Terrapins,2026-10-10 20:15:00,6.0,Big Ten,Big Ten,46.64,2026-10-10,19:15,catboost,40.0,2026-10-09T13:33:13
7792043.0,Air Force Falcons,San Jose State Spartans,2026-11-15 00:00:00,11.0,Mountain West,Mountain West,15.82,2026-11-14,11:00,catboost,18.0,2026-10-06T01:44:43
7620885.0,LSU Tigers,Alabama Crimson Tide,2026-11-07 05:00:00,10.0,SEC,SEC,260.51,2026-11-06,16:00,catboost,151.0,2026-04-18T08:51:07
7620891.0,Mississippi Rebels,Georgia Bulldogs,2026-11-07 05:00:00,10.0,SEC,SEC,236.6,2026-11-06,16:00,catboost,201.0,2026-07-08T10:22:44
7692959.0,BYU Cougars,Notre Dame Fighting Irish,2026-10-17 23:30:00,7.0,Big 12,FBS Independents,385.22,2026-10-16,22:30,catboost,342.0,2026-05-18T21:08:40
7620971.0,South Carolina Gamecocks,Georgia Bulldogs,2026-11-21 05:00:00,12.0,SEC,SEC,125.83,2026-11-20,16:00,catboost,132.0,2026-07-14T19:56:48
7620980.0,Tennessee Volunteers,Kentucky Wildcats,2026-11-07 05:00:00,10.0,SEC,SEC,171.43,2026-11-06,16:00,catboost,94.0,2026-04-16T00:07:30
7691390.0,Indiana Hoosiers,Ohio State Buckeyes,2026-10-17 16:00:00,7.0,Big Ten,Big Ten,400.75,2026-10-17,03:00,catboost,256.0,2026-03-06T00:00:00
7792106.0,UTEP Miners,San Jose State Spartans,2026-10-18 01:00:00,7.0,Mountain West,Mountain West,15.24,2026-10-17,12:00,catboost,17.0,2026-10-04T23:27:08
7764820.0,East Carolina Pirates,Temple Owls,2026-10-31 04:00:00,9.0,American Athletic,American Athletic,5.42,2026-10-30,15:00,catboost,6.0,2026-10-09T15:40:54
7707549.0,UCLA Bruins,Wisconsin Badgers,2026-10-17 04:00:00,7.0,Big Ten,Big Ten,38.7,2026-10-17,03:00,catboost,46.0,2026-10-08T11:57:48
7707342.0,Michigan Wolverines,UCLA Bruins,2026-11-21 05:00:00,12.0,Big Ten,Big Ten,43.47,2026-11-21,04:00,catboost,36.0,2026-09-22T11:51:58
7599151.0,Ohio State Buckeyes,Oregon Ducks,2026-11-07 05:00:00,10.0,Big Ten,Big Ten,211.79,2026-11-06,16:00,catboost,231.0,2026-06-08T10:08:21
7707337.0,Michigan Wolverines,Indiana Hoosiers,2026-10-24 04:00:00,8.0,Big Ten,Big Ten,91.3,2026-10-23,15:00,catboost,93.0,2026-03-09T04:42:14
7734903.0,Texas State Bobcats,Utah State Aggies,2026-10-24 23:30:00,8.0,Pac-12,Pac-12,13.9,2026-10-23,22:30,catboost,14.0,2026-09-24T21:40:43
7599143.0,Ohio State Buckeyes,Michigan Wolverines,2026-11-28 17:00:00,13.0,Big Ten,Big Ten,361.83,2026-11-28,04:00,catboost,342.0,2026-06-26T12:06:56
7642968.0,Wyoming Cowboys,UConn Huskies,2026-11-28 05:00:00,13.0,Mountain West,FBS Independents,19.86,2026-11-27,16:00,catboost,22.0,2026-09-14T13:48:52
7622690.0,Kentucky Wildcats,Louisville Cardinals,2026-11-28 05:00:00,13.0,SEC,ACC,66.9,2026-11-27,16:00,catboost,57.0,2026-07-03T10:01:32
7643292.0,Air Force Falcons,UConn Huskies,2026-10-31 19:00:00,9.0,Mountain West,FBS Independents,17.17,2026-10-31,18:00,catboost,18.0,2026-10-05T11:57:04
7620979.0,Tennessee Volunteers,Alabama Crimson Tide,2026-10-17 19:30:00,7.0,SEC,SEC,374.55,2026-10-17,18:30,catboost,163.0,2026-09-08T23:50:12
7620882.0,Kentucky Wildcats,LSU Tigers,2026-10-10 23:00:00,6.0,SEC,SEC,102.71,2026-10-10,22:00,catboost,85.0,2026-10-09T21:21:40
7764845.0,Tulsa Golden Hurricane,Army West Point Black Knights,2026-10-24 00:30:00,8.0,American Athletic,FBS Independents,11.39,2026-10-23,11:30,catboost,13.0,2026-10-05T20:55:13
7692940.0,Texas Tech Red Raiders,West Virginia Mountaineers,2026-11-07 05:00:00,10.0,Big 12,Big 12,63.86,2026-11-06,16:00,catboost,66.0,2026-08-27T11:41:16
7707360.0,Iowa Hawkeyes,Nebraska Cornhuskers,2026-11-27 17:00:00,13.0,Big Ten,Big Ten,66.25,2026-11-27,04:00,catboost,46.0,2026-08-16T23:46:51
7704486.0,Boston College Eagles,Pittsburgh Panthers,2026-10-17 16:00:00,7.0,ACC,ACC,16.58,2026-10-17,15:00,catboost,11.0,2026-09-21T17:26:36
7693437.0,West Virginia Mountaineers,Houston Cougars,2026-11-21 05:00:00,12.0,Big 12,Big 12,42.49,2026-11-20,16:00,catboost,46.0,2026-10-10T17:48:44
7696531.0,UConn Huskies,Old Dominion Monarchs,2026-11-21 20:30:00,12.0,FBS Independents,Sun Belt,13.88,2026-11-21,19:30,catboost,15.0,2026-08-31T01:48:52
7704633.0,Georgia Tech Yellow Jackets,Wake Forest Demon Deacons,2026-11-21 05:00:00,12.0,ACC,ACC,14.95,2026-11-20,16:00,catboost,12.0,2026-09-23T17:16:01
7704554.0,Syracuse Orange,Clemson Tigers,2026-11-07 05:00:00,10.0,ACC,ACC,21.13,2026-11-06,16:00,catboost,16.0,2026-10-05T11:57:04
7792112.0,Unlv Rebels,Northern Illinois Huskies,2026-11-01 02:30:00,9.0,SEC,Mountain West,18.35,2026-10-31,13:30,catboost,21.0,2026-10-09T22:59:44
7620954.0,Mississippi State Bulldogs,Vanderbilt Commodores,2026-11-07 05:00:00,10.0,SEC,SEC,36.98,2026-11-06,16:00,catboost,25.0,2026-07-05T22:55:50
7620867.0,Florida Gators,Vanderbilt Commodores,2026-11-21 05:00:00,12.0,SEC,SEC,67.2,2026-11-20,16:00,catboost,67.0,2026-08-04T14:07:20
7704561.0,California Golden Bears,Pittsburgh Panthers,2026-11-28 05:00:00,13.0,ACC,ACC,12.44,2026-11-27,16:00,catboost,12.0,2026-09-02T23:56:16
7764949.0,Temple Owls,Charlotte 49ers,2026-10-17 17:00:00,7.0,American Athletic,American Athletic,5.98,2026-10-13,16:00,catboost,6.0,2026-09-17T21:43:34
7792122.0,San Jose State Spartans,UNLV Rebels,2026-11-22 00:00:00,12.0,Mountain West,Mountain West,15.84,2026-11-21,11:00,catboost,18.0,2026-09-29T14:35:44
7620996.0,Vanderbilt Commodores,Arkansas Razorbacks,2026-10-17 23:00:00,7.0,SEC,SEC,27.58,2026-10-17,22:00,catboost,26.0,2026-10-09T13:33:13
7620890.0,Mississippi Rebels,Auburn Tigers,2026-10-31 04:00:00,9.0,SEC,SEC,99.45,2026-10-30,15:00,catboost,77.0,2026-07-16T05:25:43
7792120.0,San Jose State Spartans,Northern Illinois Huskies,2026-11-07 05:00:00,10.0,Mountain West,Mountain West,17.11,2026-11-06,16:00,catboost,18.0,2026-09-30T23:57:48
7764953.0,Temple Owls,Rice Owls,2026-11-20 00:30:00,12.0,American Athletic,American Athletic,8.37,2026-11-19,11:30,catboost,6.0,2026-08-16T10:26:00
7620889.0,Mississippi Rebels,Mississippi State Bulldogs,2026-11-27 17:00:00,13.0,SEC,SEC,166.06,2026-11-27,04:00,catboost,78.0,2026-07-06T17:07:28
7764810.0,Charlotte 49ers,East Carolina Pirates,2026-11-14 05:00:00,11.0,American Athletic,American Athletic,47.02,2026-11-13,16:00,catboost,51.0,2026-09-21T07:55:43
7692991.0,Houston Cougars,Oklahoma State Cowboys,2026-10-17 23:30:00,7.0,Big 12,Big 12,40.61,2026-10-16,22:30,catboost,31.0,2026-09-14T13:48:52
7764824.0,East Carolina Pirates,Florida Atlantic Owls,2026-11-27 05:00:00,13.0,American Athletic,American Athletic,9.85,2026-11-26,16:00,catboost,11.0,2026-09-28T13:44:34
7764798.0,Army West Point Black Knights,Florida Atlantic Owls,2026-10-17 16:00:00,7.0,FBS Independents,American Athletic,40.03,2026-10-17,03:00,catboost,36.0,2026-09-10T14:25:52
7693141.0,Iowa State Cyclones,Kansas State Wildcats,2026-11-28 05:00:00,13.0,Big 12,Big 12,14.37,2026-11-28,04:00,catboost,16.0,2026-10-08T23:10:09
7620854.0,Arkansas Razorbacks,South Carolina Gamecocks,2026-11-14 05:00:00,11.0,SEC,SEC,4.61,2026-11-13,16:00,catboost,5.0,2026-09-24T21:40:43
7704527.0,Duke Blue Devils,Boston College Eagles,2026-10-31 04:00:00,9.0,ACC,ACC,19.64,2026-10-30,15:00,catboost,22.0,2026-10-09T19:29:30
7693433.0,West Virginia Mountaineers,Cincinnati Bearcats,2026-10-17 16:00:00,7.0,Big 12,Big 12,69.18,2026-10-17,03:00,catboost,73.0,2026-10-02T10:51:30
7601268.0,Temple Owls,UConn Huskies,2026-10-10 19:45:00,6.0,American Athletic,FBS Independents,40.98,2026-10-10,18:45,catboost,10.0,2026-09-08T21:57:05
7707525.0,Northwestern Wildcats,Iowa Hawkeyes,2026-11-07 05:00:00,10.0,Big Ten,Big Ten,158.37,2026-11-06,16:00,catboost,160.0,2026-10-01T23:14:59
7707336.0,Michigan Wolverines,Penn State Nittany Lions,2026-10-17 04:00:00,7.0,Big Ten,Big Ten,54.68,2026-10-16,15:00,catboost,43.0,2026-10-09T09:51:22
7704533.0,Duke Blue Devils,Clemson Tigers,2026-11-21 00:30:00,12.0,ACC,ACC,33.75,2026-11-20,11:30,catboost,29.0,2026-09-27T09:27:58
7704499.0,Boston College Eagles,Syracuse Orange,2026-11-21 05:00:00,12.0,ACC,ACC,11.03,2026-11-20,16:00,catboost,12.0,2026-10-07T19:25:06
7704549.0,Syracuse Orange,Louisville Cardinals,2026-10-17 23:30:00,7.0,ACC,ACC,36.27,2026-10-17,10:30,catboost,19.0,2026-03-27T04:09:46
7704662.0,Louisville Cardinals,Pittsburgh Panthers,2026-11-21 05:00:00,12.0,ACC,ACC,15.21,2026-11-20,16:00,catboost,8.0,2026-09-04T01:31:03
7707586.0,Maryland Terrapins,Wisconsin Badgers,2026-11-14 05:00:00,11.0,Big Ten,Big Ten,11.96,2026-11-14,04:00,catboost,6.0,2026-10-06T13:46:15
7620847.0,Alabama Crimson Tide,Auburn Tigers,2026-11-28 05:00:00,13.0,SEC,SEC,190.11,2026-11-27,16:00,catboost,199.0,2026-07-21T12:17:00
7764927.0,North Texas Mean Green,Florida Atlantic Owls,2026-10-29 23:30:00,9.0,American Athletic,American Athletic,11.07,2026-10-29,22:30,catboost,12.0,2026-10-04T23:27:08
7620994.0,Vanderbilt Commodores,Tennessee Volunteers,2026-11-28 05:00:00,13.0,SEC,SEC,170.02,2026-11-27,16:00,catboost,131.0,2026-04-20T16:07:25
7620997.0,Vanderbilt Commodores,Mississippi Rebels,2026-10-10 19:30:00,6.0,SEC,SEC,50.88,2026-10-10,18:30,catboost,17.0,2026-10-09T19:29:30
7620982.0,Tennessee Volunteers,LSU Tigers,2026-11-21 05:00:00,12.0,SEC,SEC,241.31,2026-11-20,16:00,catboost,152.0,2026-09-02T13:58:34
7620985.0,Texas Longhorns,Florida Gators,2026-10-17 16:00:00,7.0,SEC,SEC,262.05,2026-10-17,03:00,catboost,145.0,2026-07-05T16:49:27
7621006.0,Georgia Bulldogs,Florida Gators,2026-10-31 19:30:00,9.0,SEC,SEC,224.62,2026-10-31,06:30,catboost,153.0,2026-08-17T15:48:11
7620987.0,Texas Longhorns,Mississippi State Bulldogs,2026-10-31 04:00:00,9.0,SEC,SEC,135.35,2026-10-30,15:00,catboost,88.0,2026-07-08T00:47:45
7620848.0,Alabama Crimson Tide,Georgia Bulldogs,2026-10-10 23:30:00,6.0,SEC,SEC,144.27,2026-10-10,22:30,catboost,119.0,2026-10-08T10:35:08
7693172.0,Colorado Buffaloes,UCF Knights,2026-11-28 05:00:00,13.0,Big 12,Big 12,49.18,2026-11-27,16:00,catboost,46.0,2026-10-09T19:29:30
7693050.0,Arizona State Sun Devils,Kansas State Wildcats,2026-10-24 04:00:00,8.0,Big 12,Big 12,30.1,2026-10-23,15:00,catboost,29.0,2026-09-15T17:13:59
7692994.0,Houston Cougars,Cincinnati Bearcats,2026-11-07 05:00:00,10.0,Big 12,Big 12,24.22,2026-11-06,16:00,catboost,25.0,2026-09-21T07:55:43
7693040.0,Arizona Wildcats,Arizona State Sun Devils,2026-11-28 05:00:00,13.0,Big 12,Big 12,41.82,2026-11-27,16:00,catboost,44.0,2026-08-06T07:00:15
7764827.0,Tulane Green Wave,UTSA Roadrunners,2026-10-24 04:00:00,8.0,American Athletic,American Athletic,5.3,2026-10-23,15:00,catboost,5.0,2026-09-17T11:38:09
7764817.0,East Carolina Pirates,Rice Owls,2026-10-10 20:00:00,6.0,American Athletic,American Athletic,14.46,2026-10-10,19:00,catboost,12.0,2026-07-10T04:42:01
7693055.0,Arizona State Sun Devils,Oklahoma State Cowboys,2026-11-21 05:00:00,12.0,Big 12,Big 12,33.3,2026-11-20,16:00,catboost,34.0,2026-09-01T16:47:51
7764821.0,East Carolina Pirates,South Florida Bulls,2026-11-07 00:30:00,10.0,American Athletic,American Athletic,19.03,2026-11-06,11:30,catboost,12.0,2026-06-27T04:39:38
7693174.0,Kansas State Wildcats,Houston Cougars,2026-10-10 19:30:00,6.0,Big 12,Big 12,12.33,2026-10-10,18:30,catboost,10.0,2026-10-10T11:59:27
7620984.0,Texas Longhorns,Arkansas Razorbacks,2026-11-21 05:00:00,12.0,SEC,SEC,168.41,2026-11-20,16:00,catboost,113.0,2026-07-07T18:49:58
7620975.0,South Carolina Gamecocks,Tennessee Volunteers,2026-10-24 04:00:00,8.0,SEC,SEC,87.55,2026-10-23,15:00,catboost,89.0,2026-10-09T11:26:00
7623882.0,Alabama Crimson Tide,Chattanooga Mocs,2026-11-21 19:00:00,12.0,SEC,Southern,16.41,2026-11-21,18:00,catboost,6.0,2026-08-27T11:41:16
7764886.0,Navy Midshipmen,Temple Owls,2026-11-07 20:30:00,10.0,American Athletic,American Athletic,56.89,2026-11-03,19:30,catboost,36.0,2026-04-16T21:37:28
7764862.0,UTSA Roadrunners,North Texas Mean Green,2026-11-14 05:00:00,11.0,American Athletic,American Athletic,21.13,2026-11-13,16:00,catboost,20.0,2026-08-27T11:41:16
7764848.0,Tulsa Golden Hurricane,Florida Atlantic Owls,2026-11-14 05:00:00,11.0,American Athletic,American Athletic,10.51,2026-11-13,16:00,catboost,12.0,2026-08-27T11:41:16
7630608.0,Wake Forest Demon Deacons,Merrimack Warriors,2026-11-07 05:00:00,10.0,ACC,NEC,10.57,2026-11-06,16:00,catboost,6.0,2026-08-21T22:20:24
7620886.0,LSU Tigers,Mississippi State Bulldogs,2026-10-17 16:00:00,7.0,SEC,SEC,43.37,2026-10-17,15:00,catboost,33.0,2026-09-09T15:52:48
7620850.0,Alabama Crimson Tide,Texas A&M Aggies,2026-10-24 04:00:00,8.0,SEC,SEC,69.03,2026-10-23,15:00,catboost,80.0,2026-10-08T10:35:08
7620851.0,Arkansas Razorbacks,LSU Tigers,2026-11-28 05:00:00,13.0,SEC,SEC,21.72,2026-11-27,16:00,catboost,17.0,2026-10-08T17:52:44
7764947.0,South Florida Bulls,Tulane Green Wave,2026-11-27 05:00:00,13.0,American Athletic,American Athletic,13.28,2026-11-26,16:00,catboost,13.0,2026-08-21T22:20:24
7764939.0,Rice Owls,Army West Point Black Knights,2026-11-28 05:00:00,13.0,American Athletic,FBS Independents,22.84,2026-11-27,16:00,catboost,26.0,2026-09-25T23:40:16
7764937.0,Rice Owls,Tulane Green Wave,2026-11-14 05:00:00,11.0,American Athletic,American Athletic,18.13,2026-11-13,16:00,catboost,21.0,2026-08-31T15:57:19
7764929.0,North Texas Mean Green,Rice Owls,2026-11-07 05:00:00,10.0,American Athletic,American Athletic,12.24,2026-11-06,16:00,catboost,14.0,2026-10-03T14:23:54
7620864.0,Auburn Tigers,LSU Tigers,2026-10-24 16:00:00,8.0,SEC,SEC,113.33,2026-10-24,15:00,catboost,123.0,2026-10-10T13:56:53
7692933.0,Texas Tech Red Raiders,Arizona State Sun Devils,2026-10-17 19:30:00,7.0,Big 12,Big 12,127.27,2026-10-16,18:30,catboost,92.0,2026-08-14T22:00:26
7693181.0,Kansas State Wildcats,Arizona Wildcats,2026-11-21 05:00:00,12.0,Big 12,Big 12,23.11,2026-11-21,04:00,catboost,25.0,2026-10-07T17:42:36
7704522.0,Southern Methodist (SMU) Mustangs,Wake Forest Demon Deacons,2026-11-14 05:00:00,11.0,ACC,ACC,19.82,2026-11-13,16:00,catboost,23.0,2026-09-21T13:58:25
7693186.0,Oklahoma State Cowboys,Texas Tech Red Raiders,2026-11-14 05:00:00,11.0,Big 12,Big 12,100.89,2026-11-13,16:00,catboost,100.0,2026-08-06T21:38:01
7707522.0,Nebraska Cornhuskers,Ohio State Buckeyes,2026-11-21 05:00:00,12.0,Big Ten,Big Ten,90.21,2026-11-20,16:00,catboost,92.0,2026-10-09T11:26:00
7601488.0,UConn Huskies,James Madison Dukes,2026-11-14 17:00:00,11.0,FBS Independents,Sun Belt,15.51,2026-11-14,16:00,catboost,13.0,2026-08-04T14:07:20
7528254.0,Navy Midshipmen,Notre Dame Fighting Irish,2026-10-31 16:00:00,9.0,American Athletic,FBS Independents,45.18,2026-10-31,15:00,catboost,45.0,2026-10-09T15:40:54
7620876.0,Georgia Bulldogs,Auburn Tigers,2026-10-17 19:30:00,7.0,SEC,SEC,181.01,2026-10-17,06:30,catboost,134.0,2026-10-02T15:29:09
7620865.0,Florida Gators,South Carolina Gamecocks,2026-10-10 16:45:00,6.0,SEC,SEC,27.67,2026-10-10,15:45,catboost,26.0,2026-10-09T11:26:00
7620857.0,Auburn Tigers,Arkansas Razorbacks,2026-11-07 05:00:00,10.0,SEC,SEC,51.42,2026-11-06,16:00,catboost,50.0,2026-09-25T16:44:26
7620887.0,LSU Tigers,Texas Longhorns,2026-11-14 05:00:00,11.0,SEC,SEC,362.1,2026-11-13,16:00,catboost,182.0,2026-03-24T23:06:25
7707345.0,Iowa Hawkeyes,Wisconsin Badgers,2026-10-31 04:00:00,9.0,Big Ten,Big Ten,70.78,2026-10-30,15:00,catboost,71.0,2026-09-26T14:57:59
7707331.0,Oregon Ducks,Washington Huskies,2026-11-28 05:00:00,13.0,Big Ten,Big Ten,68.25,2026-11-27,16:00,catboost,74.0,2026-04-24T01:55:08
7707329.0,Oregon Ducks,Michigan Wolverines,2026-11-14 05:00:00,11.0,Big Ten,Big Ten,177.59,2026-11-13,16:00,catboost,161.0,2026-03-06T00:00:00
7707516.0,Nebraska Cornhuskers,Indiana Hoosiers,2026-10-10 16:00:00,6.0,Big Ten,Big Ten,36.35,2026-10-10,15:00,catboost,23.0,2026-07-19T09:14:31
7792108.0,UTEP Miners,Wyoming Cowboys,2026-11-14 05:00:00,11.0,Mountain West,Mountain West,17.95,2026-11-13,16:00,catboost,20.0,2026-09-28T21:37:24
7764935.0,Rice Owls,Tulsa Golden Hurricane,2026-10-17 20:30:00,7.0,American Athletic,American Athletic,15.15,2026-10-17,19:30,catboost,16.0,2026-10-08T19:37:42
7692935.0,Texas Tech Red Raiders,Arizona Wildcats,2026-10-31 04:00:00,9.0,Big 12,Big 12,55.47,2026-10-30,15:00,catboost,59.0,2026-10-01T13:57:30
7646388.0,Northwestern Wildcats,Ball State Cardinals,2026-10-10 16:30:00,6.0,Big Ten,Mid-American,40.44,2026-10-10,15:30,catboost,34.0,2026-10-10T08:29:43
7764838.0,Florida Atlantic Owls,Rice Owls,2026-10-24 04:00:00,8.0,American Athletic,American Athletic,8.77,2026-10-23,15:00,catboost,10.0,2026-10-10T11:59:27
7693067.0,TCU Horned Frogs,Utah Utes,2026-11-21 05:00:00,12.0,Big 12,Big 12,23.34,2026-11-20,16:00,catboost,26.0,2026-10-05T15:05:04
7693035.0,Arizona Wildcats,Iowa State Cyclones,2026-10-24 04:00:00,8.0,Big 12,Big 12,26.86,2026-10-23,15:00,catboost,18.0,2026-08-11T16:37:58
7693137.0,Iowa State Cyclones,Oklahoma State Cowboys,2026-10-31 04:00:00,9.0,Big 12,Big 12,17.05,2026-10-30,15:00,catboost,7.0,2026-09-08T20:28:41
7713652.0,South Florida Bulls,Kent State Golden Flashes,2026-10-17 23:00:00,7.0,American Athletic,Mid-American,11.56,2026-10-17,22:00,catboost,11.0,2026-09-03T03:17:37
7704575.0,Clemson Tigers,Virginia Tech Hokies,2026-10-24 04:00:00,8.0,ACC,ACC,36.82,2026-10-23,15:00,catboost,44.0,2026-10-09T19:29:30
7764854.0,UTSA Roadrunners,Navy Midshipmen,2026-10-18 00:00:00,7.0,American Athletic,American Athletic,26.91,2026-10-17,11:00,catboost,23.0,2026-08-04T14:07:20
7764925.0,North Texas Mean Green,Charlotte 49ers,2026-10-10 19:30:00,6.0,American Athletic,American Athletic,6.59,2026-10-10,18:30,catboost,6.0,2026-10-07T15:29:07
7764884.0,Navy Midshipmen,North Texas Mean Green,2026-10-24 19:30:00,8.0,American Athletic,American Athletic,40.83,2026-10-24,18:30,catboost,42.0,2026-10-03T19:36:10
7693162.0,Colorado Buffaloes,Utah Utes,2026-10-17 04:00:00,7.0,Big 12,Big 12,122.29,2026-10-16,15:00,catboost,111.0,2026-06-08T16:37:27
7693029.0,Houston Cougars,Baylor Bears,2026-11-28 05:00:00,13.0,Big 12,Big 12,24.94,2026-11-27,04:00,catboost,26.0,2026-10-01T11:44:36
7764807.0,Charlotte 49ers,Tulane Green Wave,2026-10-30 23:00:00,9.0,American Athletic,American Athletic,16.21,2026-10-30,22:00,catboost,17.0,2026-10-08T23:10:09
7764801.0,Army West Point Black Knights,East Carolina Pirates,2026-11-21 17:00:00,12.0,FBS Independents,American Athletic,36.89,2026-11-21,04:00,catboost,29.0,2026-09-10T14:25:52
7620855.0,Arkansas Razorbacks,Tennessee Volunteers,2026-10-10 20:15:00,6.0,SEC,SEC,26.87,2026-10-10,19:15,catboost,16.0,2026-10-04T20:17:56
7792105.0,UTEP Miners,Nevada Wolf Pack,2026-10-10 23:00:00,6.0,Mountain West,Mountain West,10.08,2026-10-10,22:00,catboost,6.0,2026-10-10T11:59:27
7734896.0,San Diego State Aztecs,Utah State Aggies,2026-11-15 02:30:00,11.0,Pac-12,Pac-12,19.53,2026-11-14,13:30,catboost,14.0,2026-08-23T19:53:22
7734705.0,Boise State Broncos,San Diego State Aztecs,2026-11-22 02:30:00,12.0,Pac-12,Pac-12,44.4,2026-11-22,01:30,catboost,25.0,2026-09-05T17:32:51
7620992.0,Texas A&M Aggies,Tennessee Volunteers,2026-11-14 05:00:00,11.0,SEC,SEC,153.5,2026-11-13,16:00,catboost,175.0,2026-10-08T17:52:44
7792118.0,San Jose State Spartans,New Mexico Lobos,2026-10-31 04:00:00,9.0,Mountain West,Mountain West,14.66,2026-10-30,15:00,catboost,16.0,2026-10-07T23:52:53
7764797.0,Army West Point Black Knights,Tulane Green Wave,2026-10-10 16:00:00,6.0,FBS Independents,American Athletic,30.87,2026-10-10,15:00,catboost,29.0,2026-10-10T07:30:13
7764850.0,Tulsa Golden Hurricane,Charlotte 49ers,2026-11-21 05:00:00,12.0,American Athletic,American Athletic,10.8,2026-11-20,16:00,catboost,8.0,2026-09-28T21:37:24
7792129.0,Northern Illinois Huskies,UTEP Miners,2026-11-28 05:00:00,13.0,Mountain West,Mountain West,19.9,2026-11-27,16:00,catboost,23.0,2026-09-30T19:12:36
7692967.0,BYU Cougars,Cincinnati Bearcats,2026-11-28 05:00:00,13.0,Big 12,Big 12,75.95,2026-11-27,16:00,catboost,73.0,2026-09-28T23:54:03
7704547.0,California Golden Bears,Virginia Tech Hokies,2026-10-10 19:30:00,6.0,ACC,ACC,21.88,2026-10-10,18:30,catboost,18.0,2026-10-09T22:59:44
7693432.0,West Virginia Mountaineers,Arizona Wildcats,2026-10-10 16:00:00,6.0,Big 12,Big 12,29.6,2026-10-10,15:00,catboost,23.0,2026-10-10T09:53:47
7620978.0,South Carolina Gamecocks,Texas A&M Aggies,2026-11-07 05:00:00,10.0,SEC,SEC,62.33,2026-11-06,16:00,catboost,67.0,2026-10-09T21:21:40
7764813.0,Charlotte 49ers,Navy Midshipmen,2026-11-28 05:00:00,13.0,American Athletic,American Athletic,29.67,2026-11-27,16:00,catboost,30.0,2026-08-07T14:13:03
7693140.0,Iowa State Cyclones,Cincinnati Bearcats,2026-11-14 05:00:00,11.0,Big 12,Big 12,25.25,2026-11-13,16:00,catboost,17.0,2026-09-30T23:57:48
7734857.0,Fresno State Bulldogs,Oregon State Beavers,2026-10-31 04:00:00,9.0,Pac-12,Pac-12,21.17,2026-10-30,15:00,catboost,24.0,2026-10-10T11:59:27
7792045.0,Air Force Falcons,UTEP Miners,2026-11-21 01:00:00,12.0,Mountain West,Mountain West,15.26,2026-11-20,12:00,catboost,16.0,2026-09-13T13:50:42
7764882.0,Navy Midshipmen,Tulsa Golden Hurricane,2026-10-10 19:30:00,6.0,American Athletic,American Athletic,39.47,2026-10-10,18:30,catboost,30.0,2026-10-08T17:52:44
7803539.0,New Mexico State Aggies,Florida International Panthers,2026-11-21 00:00:00,12.0,Conference USA,Conference USA,730.78,2026-11-21,00:00,catboost,54.0,2026-08-17T22:33:03
7620962.0,Missouri Tigers,Texas A&M Aggies,2026-10-10 16:00:00,6.0,SEC,SEC,46.12,2026-10-10,15:00,catboost,45.0,2026-10-10T05:54:28
7707327.0,Oregon Ducks,Northwestern Wildcats,2026-10-31 04:00:00,9.0,Big Ten,Big Ten,24.38,2026-10-31,03:00,catboost,15.0,2026-09-18T19:07:34
7803523.0,Western Kentucky Hilltoppers,Jacksonville State Gamecocks,2026-11-14 20:30:00,11.0,Conference USA,Conference USA,10.73,2026-11-14,19:30,catboost,11.0,2026-09-21T07:55:43
7692963.0,BYU Cougars,Baylor Bears,2026-11-14 05:00:00,11.0,Big 12,Big 12,85.08,2026-11-13,16:00,catboost,88.0,2026-09-10T20:14:30
7803496.0,Sam Houston State Bearkats,New Mexico State Aggies,2026-10-22 00:00:00,8.0,UAC,Conference USA,15.4,2026-10-21,11:00,catboost,17.0,2026-10-05T21:52:06
7803535.0,New Mexico State Aggies,Jacksonville State Gamecocks,2026-10-29 00:00:00,9.0,Conference USA,Conference USA,26.44,2026-10-28,11:00,catboost,31.0,2026-09-16T22:23:21
7697933.0,Notre Dame Fighting Irish,Southern Methodist (SMU) Mustangs,2026-11-22 00:30:00,12.0,FBS Independents,ACC,60.19,2026-11-21,11:30,catboost,52.0,2026-09-10T17:52:57
7693399.0,Baylor Bears,Iowa State Cyclones,2026-11-07 05:00:00,10.0,Big 12,Big 12,30.38,2026-11-06,16:00,catboost,35.0,2026-10-06T17:39:43
7734703.0,Boise State Broncos,Oregon State Beavers,2026-11-14 23:00:00,11.0,Pac-12,Pac-12,211.13,2026-11-14,22:00,catboost,35.0,2026-08-04T20:44:46
7734919.0,Washington State Cougars,Boise State Broncos,2026-10-24 22:00:00,8.0,Pac-12,Pac-12,48.74,2026-10-24,21:00,catboost,51.0,2026-08-04T14:07:20
7803526.0,Western Kentucky Hilltoppers,Kennesaw State Owls,2026-11-28 18:00:00,13.0,Conference USA,Conference USA,10.7,2026-11-28,05:00,catboost,11.0,2026-09-21T07:55:43
7792116.0,San Jose State Spartans,Wyoming Cowboys,2026-10-10 01:00:00,6.0,Mountain West,Mountain West,12.23,2026-10-10,00:00,catboost,12.0,2026-10-09T13:33:13
7704613.0,Florida State Seminoles,North Carolina State Wolfpack,2026-11-21 05:00:00,12.0,ACC,ACC,29.82,2026-11-20,16:00,catboost,28.0,2026-03-29T14:03:20
7734892.0,San Diego State Aztecs,Washington State Cougars,2026-10-31 23:00:00,9.0,Pac-12,Pac-12,21.02,2026-10-31,22:00,catboost,21.0,2026-10-07T15:29:07
7692958.0,BYU Cougars,Iowa State Cyclones,2026-10-10 02:15:00,6.0,Big 12,Big 12,105.74,2026-10-10,01:15,catboost,78.0,2026-10-09T02:35:43
7792107.0,UTEP Miners,Hawaii Rainbow Warriors,2026-11-07 05:00:00,10.0,Mountain West,Mountain West,17.28,2026-11-06,16:00,catboost,19.0,2026-09-21T07:55:43
7792100.0,Wyoming Cowboys,Air Force Falcons,2026-10-24 01:00:00,8.0,Mountain West,Mountain West,32.17,2026-10-23,12:00,catboost,29.0,2026-08-08T01:31:54
7792224.0,North Dakota State Bison,UTEP Miners,2026-10-31 19:30:00,9.0,Mountain West,Mountain West,68.74,2026-10-31,06:30,catboost,68.0,2026-09-08T21:57:05
7734868.0,Oregon State Beavers,San Diego State Aztecs,2026-10-10 22:00:00,6.0,Pac-12,Pac-12,33.54,2026-10-10,21:00,catboost,19.0,2026-09-17T21:43:34
7704656.0,Louisville Cardinals,Florida State Seminoles,2026-10-09 23:00:00,6.0,ACC,ACC,45.02,2026-10-09,22:00,catboost,28.0,2026-10-08T07:29:55
7803360.0,Kennesaw State Owls,Liberty Flames,2026-10-22 23:00:00,8.0,Conference USA,Conference USA,19.75,2026-10-22,22:00,catboost,21.0,2026-09-15T03:47:49
7792017.0,New Mexico Lobos,Air Force Falcons,2026-11-27 00:00:00,13.0,Mountain West,Mountain West,27.93,2026-11-27,13:00,catboost,28.0,2026-08-27T11:41:16
7792099.0,Wyoming Cowboys,Northern Illinois Huskies,2026-10-17 19:30:00,7.0,Mountain West,Mountain West,35.92,2026-10-17,06:30,catboost,28.0,2026-08-15T22:27:06
7792126.0,Northern Illinois Huskies,Air Force Falcons,2026-10-10 23:30:00,6.0,Mountain West,Mountain West,39.48,2026-10-10,22:30,catboost,34.0,2026-10-10T12:45:29
7764843.0,Florida Atlantic Owls,UTSA Roadrunners,2026-11-06 01:00:00,10.0,American Athletic,American Athletic,12.41,2026-11-05,12:00,catboost,14.0,2026-10-06T23:54:31
7734880.0,Oregon State Beavers,Utah State Aggies,2026-11-22 03:30:00,12.0,Pac-12,Pac-12,5.27,2026-11-21,14:30,catboost,6.0,2026-09-21T07:55:43
7707403.0,Washington Huskies,Iowa Hawkeyes,2026-10-10 01:00:00,6.0,Big Ten,Big Ten,14.76,2026-10-10,00:00,catboost,14.0,2026-10-09T17:16:36
7792033.0,Nevada Wolf Pack,New Mexico Lobos,2026-11-07 02:00:00,10.0,Mountain West,Mountain West,14.84,2026-11-06,13:00,catboost,16.0,2026-08-18T05:19:05
7764834.0,Tulane Green Wave,North Texas Mean Green,2026-11-21 05:00:00,12.0,American Athletic,American Athletic,5.3,2026-11-20,16:00,catboost,6.0,2026-10-05T21:52:06
7764844.0,Florida Atlantic Owls,South Florida Bulls,2026-11-21 05:00:00,12.0,American Athletic,American Athletic,16.05,2026-11-20,16:00,catboost,18.0,2026-09-03T21:47:02
7792101.0,Wyoming Cowboys,New Mexico Lobos,2026-11-20 00:00:00,12.0,Mountain West,Mountain West,21.3,2026-11-20,18:00,catboost,22.0,2026-09-14T23:34:14
7734908.0,Utah State Aggies,Washington State Cougars,2026-10-10 01:00:00,6.0,Pac-12,Pac-12,20.54,2026-10-10,00:00,catboost,17.0,2026-10-09T11:26:00
7764830.0,Tulane Green Wave,Tulsa Golden Hurricane,2026-11-07 05:00:00,10.0,American Athletic,American Athletic,54.23,2026-11-06,16:00,catboost,41.0,2026-04-03T14:51:14
7828989.0,Eastern Michigan Eagles,Kent State Golden Flashes,2026-11-25 00:00:00,13.0,Mid-American,Mid-American,17.65,2026-11-24,11:00,catboost,20.0,2026-10-07T23:52:53
7828987.0,Eastern Michigan Eagles,Central Michigan Chippewas,2026-11-04 05:00:00,10.0,Mid-American,Mid-American,33.51,2026-11-03,16:00,catboost,26.0,2026-05-12T01:45:16
7829086.0,Western Michigan Broncos,Eastern Michigan Eagles,2026-11-18 00:00:00,12.0,Mid-American,Mid-American,15.28,2026-11-17,11:00,catboost,17.0,2026-08-28T01:37:00
7704630.0,North Carolina Tar Heels,Syracuse Orange,2026-10-24 04:00:00,8.0,ACC,ACC,51.74,2026-10-23,15:00,catboost,43.0,2026-08-28T22:49:28
7827916.0,Ohio Bobcats,Eastern Michigan Eagles,2026-10-24 04:00:00,8.0,Mid-American,Mid-American,15.46,2026-10-23,15:00,catboost,14.0,2026-09-16T23:46:19
7829010.0,UMass Minutemen,Ball State Cardinals,2026-11-04 05:00:00,10.0,Mid-American,Mid-American,22.66,2026-11-03,16:00,catboost,23.0,2026-09-24T13:07:12
7803443.0,Liberty Flames,Florida International Panthers,2026-10-31 19:30:00,9.0,Conference USA,Conference USA,30.06,2026-10-31,06:30,catboost,22.0,2026-08-06T21:38:01
7828928.0,Akron Zips,Western Michigan Broncos,2026-11-11 00:00:00,11.0,Mid-American,Mid-American,5.24,2026-11-10,11:00,catboost,6.0,2026-10-07T17:42:36
7803493.0,Middle Tennessee Blue Raiders,Western Kentucky Hilltoppers,2026-11-07 20:30:00,10.0,Conference USA,Conference USA,17.97,2026-11-07,19:30,catboost,19.0,2026-08-05T17:41:18
7803499.0,Sam Houston State Bearkats,Western Kentucky Hilltoppers,2026-10-15 00:00:00,7.0,UAC,Conference USA,12.67,2026-10-14,11:00,catboost,13.0,2026-10-02T05:47:20
7803536.0,New Mexico State Aggies,Liberty Flames,2026-11-07 22:00:00,10.0,Conference USA,Conference USA,31.38,2026-11-07,21:00,catboost,33.0,2026-09-16T22:23:21
7828997.0,Kent State Golden Flashes,Akron Zips,2026-10-24 04:00:00,8.0,Mid-American,Mid-American,13.36,2026-10-23,15:00,catboost,15.0,2026-09-29T14:35:44
7828958.0,Buffalo Bulls,Central Michigan Chippewas,2026-11-18 05:00:00,12.0,Mid-American,Mid-American,25.9,2026-11-17,16:00,catboost,27.0,2026-08-07T14:13:03
7828937.0,Ball State Cardinals,Buffalo Bulls,2026-11-11 05:00:00,11.0,Mid-American,Mid-American,15.65,2026-11-10,16:00,catboost,17.0,2026-10-05T21:52:06
7828922.0,Akron Zips,Ohio Bobcats,2026-11-04 00:00:00,10.0,Mid-American,Mid-American,7.03,2026-11-03,11:00,catboost,8.0,2026-10-10T01:49:59
7631074.0,Stanford Cardinal,Elon Phoenix,2026-10-17 23:30:00,7.0,ACC,CAA,9.62,2026-10-13,22:30,catboost,5.0,2026-09-25T03:31:56
7828985.0,Eastern Michigan Eagles,Toledo Rockets,2026-10-17 19:30:00,7.0,Mid-American,Mid-American,11.7,2026-10-17,18:30,catboost,12.0,2026-10-08T19:37:42
7704595.0,Stanford Cardinal,Southern Methodist (SMU) Mustangs,2026-11-28 05:00:00,13.0,ACC,ACC,9.53,2026-11-27,16:00,catboost,11.0,2026-10-08T19:37:42
7829073.0,Toledo Rockets,UMass Minutemen,2026-11-11 05:00:00,11.0,Mid-American,Mid-American,9.05,2026-11-10,16:00,catboost,10.0,2026-09-14T21:34:55
7828915.0,Akron Zips,Eastern Michigan Eagles,2026-10-10 19:30:00,6.0,Mid-American,Mid-American,19.06,2026-10-10,18:30,catboost,13.0,2026-10-10T09:53:47
7693169.0,Kansas Jayhawks,BYU Cougars,2026-11-21 05:00:00,12.0,Big 12,Big 12,39.49,2026-11-20,16:00,catboost,43.0,2026-10-03T23:53:39
7808003.0,Appalachian State Mountaineers,Georgia State Panthers,2026-11-07 05:00:00,10.0,Sun Belt,Sun Belt,50.53,2026-11-06,16:00,catboost,57.0,2026-10-06T10:05:09
7734900.0,Texas State Bobcats,Colorado State Rams,2026-10-16 00:00:00,7.0,Pac-12,Pac-12,10.6,2026-10-15,11:00,catboost,12.0,2026-08-07T09:10:27
7829068.0,Toledo Rockets,Buffalo Bulls,2026-10-10 19:30:00,6.0,Mid-American,Mid-American,20.49,2026-10-10,18:30,catboost,12.0,2026-10-08T15:46:25
7829071.0,Toledo Rockets,Western Michigan Broncos,2026-10-24 04:00:00,8.0,Mid-American,Mid-American,14.43,2026-10-23,15:00,catboost,16.0,2026-09-29T21:15:09
7808062.0,Georgia State Panthers,Georgia Southern Eagles,2026-11-14 05:00:00,11.0,Sun Belt,Sun Belt,26.01,2026-11-13,16:00,catboost,16.0,2026-07-15T13:00:45
7803439.0,Liberty Flames,Western Kentucky Hilltoppers,2026-11-21 18:00:00,12.0,Conference USA,Conference USA,20.99,2026-11-21,17:00,catboost,20.0,2026-08-04T14:07:20
7707546.0,Wisconsin Badgers,Rutgers Scarlet Knights,2026-11-07 05:00:00,10.0,Big Ten,Big Ten,23.78,2026-11-06,16:00,catboost,24.0,2026-09-08T20:28:41
7808064.0,Georgia State Panthers,Louisiana Lafayette Ragin Cajuns,2026-11-28 05:00:00,13.0,Sun Belt,Sun Belt,12.18,2026-11-27,16:00,catboost,14.0,2026-08-04T14:07:20
7808162.0,Marshall Thundering Herd,Georgia State Panthers,2026-11-21 05:00:00,12.0,Sun Belt,Sun Belt,13.45,2026-11-20,16:00,catboost,15.0,2026-10-02T22:33:16
7808138.0,James Madison Dukes,Georgia State Panthers,2026-10-17 16:00:00,7.0,Sun Belt,Sun Belt,93.54,2026-10-17,03:00,catboost,78.0,2026-10-02T17:48:55
7827926.0,Ohio Bobcats,Toledo Rockets,2026-11-27 17:00:00,13.0,Mid-American,Mid-American,14.45,2026-11-27,16:00,catboost,14.0,2026-09-08T20:28:41
7707573.0,Rutgers Scarlet Knights,Michigan Wolverines,2026-10-31 04:00:00,9.0,Big Ten,Big Ten,30.68,2026-10-31,03:00,catboost,33.0,2026-10-10T12:45:29
7704492.0,Virginia Cavaliers,North Carolina Tar Heels,2026-11-21 05:00:00,12.0,ACC,ACC,47.36,2026-11-20,16:00,catboost,41.0,2026-08-18T21:23:39
7829016.0,UMass Minutemen,Akron Zips,2026-11-18 05:00:00,12.0,Mid-American,Mid-American,25.12,2026-11-17,16:00,catboost,28.0,2026-08-27T11:41:16
7808016.0,Coastal Carolina Chanticleers,Appalachian State Mountaineers,2026-10-17 00:00:00,7.0,Sun Belt,Sun Belt,44.89,2026-10-16,11:00,catboost,43.0,2026-10-09T15:40:54
7828947.0,Bowling Green State Falcons,UMass Minutemen,2026-11-28 17:00:00,13.0,Mid-American,Mid-American,15.86,2026-11-27,16:00,catboost,16.0,2026-10-06T23:54:31
7704640.0,North Carolina Tar Heels,North Carolina State Wolfpack,2026-11-28 05:00:00,13.0,ACC,ACC,74.54,2026-11-27,16:00,catboost,73.0,2026-07-29T03:12:52
7808059.0,Georgia State Panthers,Coastal Carolina Chanticleers,2026-10-31 04:00:00,9.0,Sun Belt,Sun Belt,12.67,2026-10-30,15:00,catboost,12.0,2026-08-20T19:09:58
7808024.0,Coastal Carolina Chanticleers,Old Dominion Monarchs,2026-11-07 05:00:00,10.0,Sun Belt,Sun Belt,34.97,2026-11-06,16:00,catboost,32.0,2026-06-29T11:11:27
7828953.0,Buffalo Bulls,UMass Minutemen,2026-10-17 17:00:00,7.0,Mid-American,Mid-American,23.21,2026-10-17,04:00,catboost,23.0,2026-10-06T21:53:44
7692962.0,BYU Cougars,Arizona State Sun Devils,2026-10-31 04:00:00,9.0,Big 12,Big 12,98.73,2026-10-30,15:00,catboost,106.0,2026-09-10T17:52:57
7808001.0,Appalachian State Mountaineers,James Madison Dukes,2026-10-22 23:00:00,8.0,Sun Belt,Sun Belt,73.67,2026-10-22,22:00,catboost,74.0,2026-08-11T20:11:37
7693153.0,Cincinnati Bearcats,Colorado Buffaloes,2026-11-21 05:00:00,12.0,Big 12,Big 12,36.96,2026-11-20,16:00,catboost,34.0,2026-08-10T15:57:40
7828939.0,Ball State Cardinals,Central Michigan Chippewas,2026-11-28 17:00:00,13.0,Mid-American,Mid-American,27.22,2026-11-28,04:00,catboost,19.0,2026-08-04T14:07:20
7829080.0,Western Michigan Broncos,Kent State Golden Flashes,2026-10-10 19:30:00,6.0,Mid-American,Mid-American,47.75,2026-10-10,18:30,catboost,10.0,2026-10-07T17:42:36
7829040.0,Miami (OH) RedHawks,Akron Zips,2026-10-17 19:30:00,7.0,Mid-American,Mid-American,28.13,2026-10-17,18:30,catboost,29.0,2026-09-25T23:40:16
7808154.0,Marshall Thundering Herd,Coastal Carolina Chanticleers,2026-10-10 23:00:00,6.0,Sun Belt,Sun Belt,12.58,2026-10-10,22:00,catboost,12.0,2026-10-10T13:56:53
7808033.0,Coastal Carolina Chanticleers,Arkansas State Red Wolves,2026-11-14 05:00:00,11.0,Sun Belt,Sun Belt,39.3,2026-11-13,16:00,catboost,37.0,2026-07-14T17:25:37
7828930.0,Akron Zips,Buffalo Bulls,2026-11-27 17:00:00,13.0,Mid-American,Mid-American,20.42,2026-11-27,04:00,catboost,22.0,2026-10-07T21:42:31
7808050.0,Georgia Southern Eagles,Appalachian State Mountaineers,2026-10-31 04:00:00,9.0,Sun Belt,Sun Belt,20.81,2026-10-30,15:00,catboost,23.0,2026-10-05T17:22:32
7827920.0,Ohio Bobcats,Ball State Cardinals,2026-11-18 00:00:00,12.0,Mid-American,Mid-American,10.44,2026-11-17,11:00,catboost,12.0,2026-09-27T00:01:06
7808008.0,Appalachian State Mountaineers,Louisiana Monroe Warhawks,2026-11-21 05:00:00,12.0,Sun Belt,Sun Belt,38.76,2026-11-20,16:00,catboost,46.0,2026-07-23T12:41:09
7808255.0,South Alabama Jaguars,Appalachian State Mountaineers,2026-11-27 20:00:00,13.0,Sun Belt,Sun Belt,18.49,2026-11-27,07:00,catboost,19.0,2026-09-29T07:36:02
7808266.0,Louisiana Tech Bulldogs,Old Dominion Monarchs,2026-10-24 04:00:00,8.0,Sun Belt,Sun Belt,13.72,2026-10-23,15:00,catboost,15.0,2026-10-02T22:33:16
7808160.0,Marshall Thundering Herd,Appalachian State Mountaineers,2026-11-14 05:00:00,11.0,Sun Belt,Sun Belt,15.16,2026-11-13,16:00,catboost,17.0,2026-10-02T22:33:16
7808236.0,Southern Miss Golden Eagles,James Madison Dukes,2026-11-06 01:00:00,10.0,Sun Belt,Sun Belt,7.95,2026-11-06,00:00,catboost,8.0,2026-08-09T23:50:26
7808048.0,Georgia Southern Eagles,James Madison Dukes,2026-10-10 23:30:00,6.0,Sun Belt,Sun Belt,5.33,2026-10-10,22:30,catboost,5.0,2026-10-10T17:48:44
7808143.0,James Madison Dukes,Troy Trojans,2026-10-29 23:30:00,9.0,Sun Belt,Sun Belt,37.09,2026-10-29,22:30,catboost,34.0,2026-09-23T21:53:46
7828935.0,Ball State Cardinals,Sacramento State Hornets,2026-10-24 04:00:00,8.0,Mid-American,Big Sky,30.06,2026-10-23,15:00,catboost,33.0,2026-10-09T19:29:30
7808052.0,Georgia Southern Eagles,Marshall Thundering Herd,2026-11-07 05:00:00,10.0,Sun Belt,Sun Belt,28.89,2026-11-06,16:00,catboost,22.0,2026-09-27T23:50:56
7808147.0,James Madison Dukes,Coastal Carolina Chanticleers,2026-11-28 05:00:00,13.0,Sun Belt,Sun Belt,32.55,2026-11-27,16:00,catboost,37.0,2026-10-09T15:40:54
7808157.0,Marshall Thundering Herd,South Alabama Jaguars,2026-10-20 23:30:00,8.0,Sun Belt,Sun Belt,6.48,2026-10-20,22:30,catboost,7.0,2026-10-09T22:59:44
7808189.0,Louisiana Monroe Warhawks,Louisiana Tech Bulldogs,2026-10-18 00:00:00,7.0,Sun Belt,Sun Belt,32.07,2026-10-17,11:00,catboost,32.0,2026-03-31T01:24:57
7808173.0,Old Dominion Monarchs,Southern Miss Golden Eagles,2026-11-28 05:00:00,13.0,Sun Belt,Sun Belt,15.03,2026-11-27,16:00,catboost,6.0,2026-09-17T23:46:23
7808169.0,Old Dominion Monarchs,Georgia Southern Eagles,2026-10-15 23:30:00,7.0,Sun Belt,Sun Belt,13.9,2026-10-15,22:30,catboost,12.0,2026-10-10T01:49:59
7828979.0,Central Michigan Chippewas,Western Michigan Broncos,2026-10-17 17:30:00,7.0,Mid-American,Mid-American,30.68,2026-10-16,16:30,catboost,29.0,2026-09-08T23:50:12
7829075.0,Toledo Rockets,Bowling Green State Falcons,2026-11-21 00:30:00,12.0,Mid-American,Mid-American,23.81,2026-11-20,11:30,catboost,16.0,2026-08-17T22:33:03
7829089.0,Western Michigan Broncos,Miami (OH) RedHawks,2026-11-24 05:00:00,13.0,Mid-American,Mid-American,13.74,2026-11-24,04:00,catboost,15.0,2026-09-22T00:47:34
7829084.0,Western Michigan Broncos,Bowling Green State Falcons,2026-10-31 16:00:00,9.0,Mid-American,Mid-American,19.45,2026-10-31,03:00,catboost,19.0,2026-09-09T21:47:28
7829008.0,UMass Minutemen,Miami (OH) RedHawks,2026-10-10 18:00:00,6.0,Mid-American,Mid-American,15.14,2026-10-10,17:00,catboost,12.0,2026-10-10T12:45:29
7828999.0,Kent State Golden Flashes,Miami (OH) RedHawks,2026-11-18 00:00:00,12.0,Mid-American,Mid-American,11.15,2026-11-17,11:00,catboost,13.0,2026-09-11T01:19:44
7808217.0,Louisiana Monroe Warhawks,Marshall Thundering Herd,2026-11-28 05:00:00,13.0,Sun Belt,Sun Belt,26.11,2026-11-27,16:00,catboost,29.0,2026-08-20T23:37:34
7828943.0,Bowling Green State Falcons,Ball State Cardinals,2026-10-17 16:00:00,7.0,Mid-American,Mid-American,19.65,2026-10-13,15:00,catboost,19.0,2026-10-07T15:29:07
7808171.0,Old Dominion Monarchs,Marshall Thundering Herd,2026-10-31 04:00:00,9.0,Sun Belt,Sun Belt,20.26,2026-10-30,15:00,catboost,18.0,2026-09-21T07:55:43
7808268.0,Louisiana Tech Bulldogs,Southern Miss Golden Eagles,2026-11-14 05:00:00,11.0,Sun Belt,Sun Belt,14.42,2026-11-13,16:00,catboost,16.0,2026-10-02T22:33:16
7827909.0,Ohio Bobcats,Central Michigan Chippewas,2026-10-10 19:30:00,6.0,Mid-American,Mid-American,24.35,2026-10-10,18:30,catboost,22.0,2026-10-10T13:56:53
7808223.0,Troy Trojans,Louisiana Tech Bulldogs,2026-11-07 05:00:00,10.0,Sun Belt,Sun Belt,16.81,2026-11-06,16:00,catboost,19.0,2026-10-08T23:10:09
7808247.0,South Alabama Jaguars,Louisiana Tech Bulldogs,2026-10-31 04:00:00,9.0,Sun Belt,Sun Belt,9.96,2026-10-30,15:00,catboost,11.0,2026-10-05T23:08:55
7828945.0,Bowling Green State Falcons,Kent State Golden Flashes,2026-11-11 00:00:00,11.0,Mid-American,Mid-American,18.89,2026-11-10,11:00,catboost,20.0,2026-09-29T23:05:21
7808215.0,Louisiana Monroe Warhawks,Louisiana Lafayette Ragin Cajuns,2026-11-13 02:00:00,11.0,Sun Belt,Sun Belt,24.97,2026-11-12,13:00,catboost,29.0,2026-08-20T23:37:34
7808054.0,Georgia Southern Eagles,Louisiana Tech Bulldogs,2026-11-28 05:00:00,13.0,Sun Belt,Sun Belt,25.44,2026-11-27,16:00,catboost,23.0,2026-09-29T14:35:44
7829065.0,Sacramento State Hornets,Toledo Rockets,2026-11-04 05:00:00,10.0,Big Sky,Mid-American,21.32,2026-11-03,16:00,catboost,23.0,2026-09-24T23:20:26
7828981.0,Central Michigan Chippewas,Miami (OH) RedHawks,2026-10-24 04:00:00,8.0,Mid-American,Mid-American,27.91,2026-10-23,15:00,catboost,30.0,2026-10-08T19:37:42
7829043.0,Miami (OH) RedHawks,Buffalo Bulls,2026-11-04 00:00:00,10.0,Mid-American,Mid-American,22.77,2026-11-03,11:00,catboost,26.0,2026-10-10T12:45:29
7734920.0,Washington State Cougars,Colorado State Rams,2026-11-15 03:30:00,11.0,Pac-12,Pac-12,25.3,2026-11-14,14:30,catboost,29.0,2026-08-04T14:07:20
7693047.0,Arizona State Sun Devils,Hawaii Rainbow Warriors,2026-10-11 01:30:00,6.0,Big 12,Mountain West,5.45,2026-10-11,00:30,catboost,6.0,2026-10-10T11:59:27
7808264.0,Louisiana Tech Bulldogs,Louisiana Lafayette Ragin Cajuns,2026-10-10 23:30:00,6.0,Sun Belt,Sun Belt,11.13,2026-10-10,22:30,catboost,10.0,2026-10-10T12:45:29
7829063.0,Sacramento State Hornets,Kent State Golden Flashes,2026-10-31 02:30:00,9.0,Big Sky,Mid-American,20.3,2026-10-30,13:30,catboost,22.0,2026-10-02T00:42:16
7808225.0,Troy Trojans,Georgia Southern Eagles,2026-11-21 05:00:00,12.0,Sun Belt,Sun Belt,18.27,2026-11-20,16:00,catboost,21.0,2026-10-10T01:49:59
7828955.0,Buffalo Bulls,Bowling Green State Falcons,2026-10-24 04:00:00,8.0,Mid-American,Mid-American,8.97,2026-10-23,15:00,catboost,10.0,2026-10-07T23:52:53
7803462.0,Jacksonville State Gamecocks,Sam Houston State Bearkats,2026-11-08 00:00:00,10.0,Conference USA,UAC,29.62,2026-11-07,11:00,catboost,31.0,2026-09-05T23:13:04
7808233.0,Southern Miss Golden Eagles,Louisiana Lafayette Ragin Cajuns,2026-10-24 04:00:00,8.0,Sun Belt,Sun Belt,16.19,2026-10-23,15:00,catboost,13.0,2026-08-17T14:39:44
7692942.0,Texas Tech Red Raiders,TCU Horned Frogs,2026-11-27 01:00:00,13.0,Big 12,Big 12,67.04,2026-11-26,12:00,catboost,72.0,2026-09-28T15:22:43
7704657.0,Miami Hurricanes,Boston College Eagles,2026-11-28 05:00:00,13.0,ACC,ACC,22.87,2026-11-27,16:00,catboost,15.0,2026-09-12T13:51:11
7828983.0,Central Michigan Chippewas,Sacramento State Hornets,2026-11-11 05:00:00,11.0,Mid-American,Big Sky,22.73,2026-11-10,16:00,catboost,25.0,2026-09-30T17:30:26
7829045.0,Miami (OH) RedHawks,Ohio Bobcats,2026-11-11 00:00:00,11.0,Mid-American,Mid-American,28.13,2026-11-10,11:00,catboost,32.0,2026-09-16T23:46:19
7803459.0,Jacksonville State Gamecocks,Florida International Panthers,2026-10-14 00:00:00,7.0,Conference USA,Conference USA,28.19,2026-10-13,11:00,catboost,31.0,2026-06-04T09:12:50
7734907.0,Texas State Bobcats,Washington State Cougars,2026-11-21 23:00:00,12.0,Pac-12,Pac-12,28.25,2026-11-21,22:00,catboost,22.0,2026-09-22T23:44:10
7803500.0,Sam Houston State Bearkats,Kennesaw State Owls,2026-11-14 19:00:00,11.0,UAC,Conference USA,19.39,2026-11-14,06:00,catboost,20.0,2026-09-29T19:24:27
7803460.0,Jacksonville State Gamecocks,Missouri State Bears,2026-11-21 19:00:00,12.0,Conference USA,MVFC,32.37,2026-11-21,06:00,catboost,30.0,2026-09-05T23:13:04
7803326.0,Delaware Blue Hens,Jacksonville State Gamecocks,2026-11-28 20:30:00,13.0,CAA,Conference USA,10.21,2026-11-28,19:30,catboost,11.0,2026-07-05T16:49:27
7807996.0,Appalachian State Mountaineers,Old Dominion Monarchs,2026-10-10 17:00:00,6.0,Sun Belt,Sun Belt,15.72,2026-10-10,16:00,catboost,14.0,2026-10-10T11:59:27
7829061.0,Sacramento State Hornets,Ohio Bobcats,2026-10-18 02:00:00,7.0,Big Sky,Mid-American,19.19,2026-10-17,13:00,catboost,21.0,2026-09-25T15:13:07
7734876.0,Oregon State Beavers,Texas State Bobcats,2026-11-08 03:30:00,10.0,Pac-12,Pac-12,10.96,2026-11-07,14:30,catboost,7.0,2026-09-13T21:39:36
7693398.0,Baylor Bears,TCU Horned Frogs,2026-10-17 23:00:00,7.0,Big 12,Big 12,35.85,2026-10-17,10:00,catboost,23.0,2026-10-08T17:52:44
7704513.0,Southern Methodist (SMU) Mustangs,Virginia Cavaliers,2026-10-17 16:00:00,7.0,ACC,ACC,19.69,2026-10-17,03:00,catboost,20.0,2026-10-05T11:57:04
7704625.0,Georgia Tech Yellow Jackets,Duke Blue Devils,2026-10-10 19:30:00,6.0,ACC,ACC,5.38,2026-10-10,18:30,catboost,4.0,2026-10-09T21:21:40
7792040.0,Air Force Falcons,UNLV Rebels,2026-10-17 19:30:00,7.0,Mountain West,Mountain West,20.59,2026-10-17,18:30,catboost,16.0,2026-09-17T23:46:23
7808179.0,Arkansas State Red Wolves,Georgia State Panthers,2026-10-24 23:00:00,8.0,Sun Belt,Sun Belt,20.95,2026-10-24,22:00,catboost,22.0,2026-10-05T21:52:06
7803486.0,Middle Tennessee Blue Raiders,Kennesaw State Owls,2026-10-28 23:00:00,9.0,Conference USA,Conference USA,9.66,2026-10-28,22:00,catboost,8.0,2026-10-08T19:37:42
7643209.0,Army West Point Black Knights,Air Force Falcons,2026-11-08 00:30:00,10.0,FBS Independents,Mountain West,82.49,2026-11-07,11:30,catboost,93.0,2026-10-01T23:14:59
7704550.0,Syracuse Orange,Southern Methodist (SMU) Mustangs,2026-10-31 04:00:00,9.0,ACC,ACC,4.55,2026-10-30,15:00,catboost,4.0,2026-09-02T18:46:40
7636266.0,Navy Midshipmen,Army West Point Black Knights,2026-12-12 20:00:00,15.0,American Athletic,FBS Independents,279.44,2026-12-12,07:00,catboost,291.0,2026-05-22T22:21:31
7803444.0,Liberty Flames,Middle Tennessee Blue Raiders,2026-11-14 20:30:00,11.0,Conference USA,Conference USA,24.49,2026-11-14,07:30,catboost,17.0,2026-08-13T04:30:32
7620967.0,Oklahoma Sooners,Mississippi Rebels,2026-11-14 05:00:00,11.0,SEC,SEC,68.84,2026-11-13,16:00,catboost,76.0,2026-07-11T04:54:28
7792111.0,UNLV Rebels,North Dakota State Bison,2026-10-10 23:00:00,6.0,Mountain West,Mountain West,22.94,2026-10-10,22:00,catboost,23.0,2026-10-10T13:56:53
7693148.0,Cincinnati Bearcats,Texas Tech Red Raiders,2026-10-24 04:00:00,8.0,Big 12,Big 12,74.89,2026-10-23,15:00,catboost,69.0,2026-06-04T09:12:50
7808181.0,Arkansas State Red Wolves,Louisiana Monroe Warhawks,2026-11-07 20:00:00,10.0,Sun Belt,Sun Belt,12.31,2026-11-07,19:00,catboost,13.0,2026-10-04T23:27:08
7528909.0,UCLA Bruins,Nevada Wolf Pack,2026-10-31 04:00:00,9.0,Big Ten,Mountain West,13.12,2026-10-30,15:00,catboost,14.0,2026-09-22T08:04:28
7808183.0,Arkansas State Red Wolves,Troy Trojans,2026-11-28 20:00:00,13.0,Sun Belt,Sun Belt,21.3,2026-11-28,19:00,catboost,17.0,2026-08-23T14:09:37
7693402.0,Baylor Bears,Texas Tech Red Raiders,2026-11-21 05:00:00,12.0,Big 12,Big 12,50.86,2026-11-20,16:00,catboost,56.0,2026-09-23T15:38:11
7808251.0,South Alabama Jaguars,Troy Trojans,2026-11-14 05:00:00,11.0,Sun Belt,Sun Belt,39.51,2026-11-13,16:00,catboost,21.0,2026-07-04T12:54:10
7621005.0,Texas Longhorns,Oklahoma Sooners,2026-10-10 19:30:00,6.0,SEC,SEC,320.26,2026-10-10,18:30,catboost,222.0,2026-10-07T11:24:37
7601425.0,Clemson Tigers,Charleston Southern Buccaneers,2026-10-17 16:00:00,7.0,ACC,Big South-OVC,9.5,2026-10-17,03:00,catboost,10.0,2026-10-06T23:54:31
7808230.0,Southern Miss Golden Eagles,Arkansas State Red Wolves,2026-10-17 23:00:00,7.0,Sun Belt,Sun Belt,7.36,2026-10-17,22:00,catboost,7.0,2026-10-02T03:14:47
7808238.0,Southern Miss Golden Eagles,South Alabama Jaguars,2026-11-21 05:00:00,12.0,Sun Belt,Sun Belt,12.88,2026-11-21,04:00,catboost,12.0,2026-08-18T12:22:36
7620986.0,Texas Longhorns,Mississippi Rebels,2026-10-24 04:00:00,8.0,SEC,SEC,324.81,2026-10-23,15:00,catboost,168.0,2026-07-05T16:49:27
7803413.0,Florida International Panthers,Middle Tennessee Blue Raiders,2026-10-20 23:00:00,8.0,Conference USA,Conference USA,11.36,2026-10-20,22:00,catboost,12.0,2026-10-08T19:37:42
7803416.0,Florida International Panthers,Sam Houston State Bearkats,2026-11-28 19:00:00,13.0,Conference USA,UAC,15.34,2026-11-28,18:00,catboost,16.0,2026-09-29T01:34:13
7620955.0,Mississippi State Bulldogs,Auburn Tigers,2026-11-14 05:00:00,11.0,SEC,SEC,64.54,2026-11-13,16:00,catboost,43.0,2026-05-14T07:09:26
7528872.0,Mississippi State Bulldogs,Tennessee Tech Golden Eagles,2026-11-21 18:00:00,12.0,SEC,MVFC,12.62,2026-11-21,17:00,catboost,7.0,2026-08-04T14:07:20
7792123.0,San Jose State Spartans,North Dakota State Bison,2026-11-27 20:30:00,13.0,Mountain West,Mountain West,17.37,2026-11-27,19:30,catboost,18.0,2026-09-30T23:57:48
7693178.0,Kansas State Wildcats,Oklahoma State Cowboys,2026-11-07 05:00:00,10.0,Big 12,Big 12,69.35,2026-11-06,16:00,catboost,63.0,2026-08-21T22:20:24
7707323.0,Oregon Ducks,UCLA Bruins,2026-10-10 19:30:00,6.0,Big Ten,Big Ten,72.69,2026-10-10,18:30,catboost,48.0,2026-04-23T18:39:02
7803512.0,Missouri State Bears,Kennesaw State Owls,2026-10-14 23:30:00,7.0,MVFC,Conference USA,13.74,2026-10-14,22:30,catboost,14.0,2026-10-09T22:59:44
7622776.0,Auburn Tigers,Samford Bulldogs,2026-11-21 20:30:00,12.0,SEC,Southern,15.64,2026-11-21,19:30,catboost,14.0,2026-08-11T00:18:03
7803351.0,Kennesaw State Owls,Delaware Blue Hens,2026-11-07 20:00:00,10.0,Conference USA,CAA,21.38,2026-11-07,19:00,catboost,21.0,2026-09-23T19:59:52
7803323.0,Delaware Blue Hens,Florida International Panthers,2026-11-14 20:00:00,11.0,CAA,Conference USA,26.97,2026-11-14,19:00,catboost,20.0,2026-08-05T22:34:42
7803418.0,Florida International Panthers,Missouri State Bears,2026-11-07 21:00:00,10.0,Conference USA,MVFC,9.34,2026-11-07,20:00,catboost,10.0,2026-10-06T23:54:31
7620970.0,Oklahoma Sooners,Texas A&M Aggies,2026-11-21 05:00:00,12.0,SEC,SEC,103.6,2026-11-20,16:00,catboost,123.0,2026-10-08T19:37:42
7620989.0,Texas A&M Aggies,Texas Longhorns,2026-11-28 00:30:00,13.0,SEC,SEC,423.26,2026-11-27,11:30,catboost,463.0,2026-10-07T15:29:07
7624563.0,Mississippi Rebels,Wofford Terriers,2026-11-21 17:00:00,12.0,SEC,Southern,18.82,2026-11-21,16:00,catboost,21.0,2026-07-18T02:26:50
7803503.0,Sam Houston State Bearkats,Middle Tennessee Blue Raiders,2026-11-21 19:00:00,12.0,UAC,Conference USA,19.41,2026-11-21,06:00,catboost,20.0,2026-10-01T04:17:40
7803507.0,Missouri State Bears,Sam Houston State Bearkats,2026-10-28 00:00:00,9.0,MVFC,UAC,16.7,2026-10-27,11:00,catboost,19.0,2026-10-02T03:14:47
7808221.0,Troy Trojans,Louisiana Monroe Warhawks,2026-10-24 04:00:00,8.0,Sun Belt,Sun Belt,15.14,2026-10-23,15:00,catboost,17.0,2026-10-10T03:52:31
7808194.0,Louisiana Monroe Warhawks,Southern Miss Golden Eagles,2026-10-31 04:00:00,9.0,Sun Belt,Sun Belt,26.37,2026-10-30,15:00,catboost,29.0,2026-08-20T23:37:34
7792128.0,Northern Illinois Huskies,Nevada Wolf Pack,2026-11-14 05:00:00,11.0,Mountain West,Mountain West,46.0,2026-11-13,16:00,catboost,31.0,2026-09-23T21:53:46
7792008.0,New Mexico Lobos,North Dakota State Bison,2026-10-25 02:00:00,8.0,Mountain West,American Athletic,27.89,2026-10-24,13:00,catboost,28.0,2026-08-28T05:53:57
7792080.0,Hawaii Rainbow Warriors,New Mexico Lobos,2026-10-18 02:30:00,7.0,Mountain West,Mountain West,43.08,2026-10-17,13:30,catboost,34.0,2026-09-04T19:45:09
7792035.0,North Dakota State Bison,Nevada Wolf Pack,2026-10-17 23:00:00,7.0,Mountain West,Mountain West,79.33,2026-10-17,10:00,catboost,78.0,2026-09-11T21:47:41
7792036.0,Nevada Wolf Pack,Hawaii Rainbow Warriors,2026-11-21 05:00:00,12.0,Mountain West,Mountain West,16.68,2026-11-20,16:00,catboost,19.0,2026-10-08T21:50:20
7792127.0,Northern Illinois Huskies,Hawaii Rainbow Warriors,2026-10-24 04:00:00,8.0,Mountain West,Mountain West,41.0,2026-10-23,15:00,catboost,46.0,2026-09-23T19:59:52
7792037.0,North Dakota State Bison,Northern Illinois Huskies,2026-11-21 21:00:00,12.0,Mountain West,Mountain West,96.04,2026-11-21,08:00,catboost,86.0,2026-06-30T21:36:56
7803509.0,Missouri State Bears,New Mexico State Aggies,2026-11-14 20:00:00,11.0,MVFC,Conference USA,16.64,2026-11-14,19:00,catboost,17.0,2026-10-02T03:14:47
7803489.0,Middle Tennessee Blue Raiders,New Mexico State Aggies,2026-11-28 19:00:00,13.0,Conference USA,Conference USA,14.44,2026-11-28,18:00,catboost,15.0,2026-10-04T23:27:08
7902602.0,Louisiana Lafayette Ragin Cajuns,Coastal Carolina Chanticleers,2026-11-21 05:00:00,12.0,Sun Belt,Sun Belt,33.78,2026-11-20,16:00,catboost,39.0,2026-09-15T21:51:09
7902596.0,Louisiana Lafayette Ragin Cajuns,Troy Trojans,2026-10-17 21:00:00,7.0,Sun Belt,Sun Belt,29.76,2026-10-17,20:00,catboost,31.0,2026-10-10T09:53:47
7902599.0,Louisiana Lafayette Ragin Cajuns,South Alabama Jaguars,2026-11-07 05:00:00,10.0,Sun Belt,Sun Belt,28.69,2026-11-06,16:00,catboost,32.0,2026-10-06T23:54:31
7984180.0,Western Kentucky Hilltoppers,Delaware Blue Hens,2026-10-27 23:00:00,9.0,Conference USA,CAA,10.69,2026-10-27,22:00,catboost,10.0,2026-09-21T07:55:43
7983614.0,Kennesaw State Owls,Florida International Panthers,2026-11-21 20:00:00,12.0,Conference USA,Conference USA,18.93,2026-11-21,19:00,catboost,20.0,2026-10-09T21:21:40
7803490.0,Middle Tennessee Blue Raiders,Delaware Blue Hens,2026-10-13 23:00:00,7.0,Conference USA,CAA,5.69,2026-10-13,22:00,catboost,6.0,2026-10-09T22:59:44
7622660.0,Texas A&M Aggies,The Citadel Bulldogs,2026-10-17 17:00:00,7.0,SEC,Southern,47.29,2026-10-17,16:00,catboost,43.0,2026-10-06T03:29:33
7643287.0,Hawaii Rainbow Warriors,Sacramento State Hornets,2026-11-29 04:00:00,13.0,Mountain West,Big Sky,31.82,2026-11-28,15:00,catboost,30.0,2026-09-29T19:24:27
7792085.0,Hawaii Rainbow Warriors,North Dakota State Bison,2026-11-15 04:59:00,11.0,Mountain West,Big 12,37.4,2026-11-14,15:59,catboost,42.0,2026-09-30T02:50:22
7828941.0,Bowling Green State Falcons,Sacramento State Hornets,2026-10-10 16:00:00,6.0,Mid-American,Big Sky,9.58,2026-10-10,15:00,catboost,8.0,2026-10-09T17:16:36
7704591.0,Stanford Cardinal,North Carolina State Wolfpack,2026-10-24 02:30:00,8.0,ACC,ACC,6.26,2026-10-23,13:30,catboost,7.0,2026-09-03T09:06:06
7704619.0,North Carolina State Wolfpack,California Golden Bears,2026-10-31 04:00:00,9.0,ACC,ACC,21.28,2026-10-30,15:00,catboost,23.0,2026-10-10T12:45:29
7704622.0,North Carolina State Wolfpack,Duke Blue Devils,2026-11-07 05:00:00,10.0,ACC,ACC,52.5,2026-11-06,16:00,catboost,60.0,2026-10-10T12:45:29
7803461.0,Jacksonville State Gamecocks,Louisiana Tech Bulldogs,2026-11-07 05:00:00,10.0,Conference USA,Sun Belt,53.98,2026-11-06,16:00,catboost,44.0,2026-05-01T12:42:13
8152747.0,Syracuse Orange,Lafayette Leopards,2026-11-21 05:00:00,12.0,ACC,Patriot League,28.3,2026-11-20,16:00,catboost,34.0,2026-10-07T21:42:31
7808272.0,Louisiana Tech Bulldogs,Arkansas State Red Wolves,2026-11-21 05:00:00,12.0,Sun Belt,Sun Belt,13.31,2026-11-20,16:00,catboost,15.0,2026-10-02T22:33:16
7704515.0,Southern Methodist (SMU) Mustangs,California Golden Bears,2026-10-24 04:00:00,8.0,ACC,ACC,15.19,2026-10-23,15:00,catboost,17.0,2026-10-01T15:50:34
7803522.0,Western Kentucky Hilltoppers,Liberty Flames,2026-10-14 04:00:00,7.0,Conference USA,Conference USA,25.49,2026-10-13,15:00,catboost,29.0,2026-04-01T00:10:22
7803312.0,Delaware Blue Hens,New Mexico State Aggies,2026-10-13 04:00:00,,CAA,Conference USA,18.13,2026-10-13,03:00,catboost,19.0,2026-05-18T13:56:46
7803353.0,Kennesaw State Owls,Western Kentucky Hilltoppers,2026-11-07 05:00:00,10.0,Conference USA,Conference USA,26.38,2026-11-07,04:00,catboost,31.0,2026-03-24T16:07:14
8293592.0,Missouri State Bears,Liberty Flames,2026-11-28 19:00:00,13.0,MVFC,Conference USA,22.94,2026-11-28,06:00,catboost,24.0,2026-10-02T03:14:47
7704487.0,Virginia Cavaliers,Duke Blue Devils,2026-10-23 23:00:00,8.0,ACC,ACC,45.19,2026-10-23,22:00,catboost,48.0,2026-10-05T11:57:04
7658210.0,Old Dominion Monarchs,UConn Huskies,2026-11-21 05:00:00,12.0,Sun Belt,FBS Independents,57.74,2026-11-20,16:00,catboost,68.0,2026-03-06T00:00:00
