event_id,startDateEastern,week,homeConference,awayConference,predicted_lowest_price,optimal_purchase_date,optimal_purchase_time,optimal_source,observed_lowest_price_num,observed_lowest_dt
6879247,2025-08-28T03:00:00,1.0,Big Ten,Mid-American,21.56,2025-08-24,23:00,model,25.0,
6867563,2025-08-28T03:00:00,1.0,Mountain West,CAA,23.58,2025-08-23,22:00,model,20.0,
6886689,2025-08-28T17:00:00,1.0,American Athletic,Mountain West,26.27,2025-07-31,07:00,model,26.0,2025-08-27T15:51:31
6878936,2025-08-28T18:00:00,1.0,SEC,UAC,19.61,2025-08-26,23:00,model,15.0,
6886796,2025-08-28T18:00:00,1.0,Big 12,Big South-OVC,11.39,2025-08-22,14:00,model,13.0,2025-08-27T14:44:49
7016297,2025-08-28T18:00:00,1.0,Sun Belt,NEC,15.58,2025-08-24,21:00,model,12.0,2025-08-28T18:00:02
6879241,2025-08-28T18:00:00,1.0,Big Ten,Mid-American,21.42,2025-08-25,16:00,model,17.0,2025-08-28T06:00:03
6867592,2025-08-28T18:00:00,1.0,Mid-American,Patriot,12.92,2025-07-30,03:00,model,13.0,2025-08-28T18:00:02
6887036,2025-08-28T19:00:00,1.0,Mid-American,Mountain West,22.57,2025-08-28,18:00,model,13.0,2025-08-28T18:00:02
6886830,2025-08-28T19:00:00,1.0,Big 12,Conference USA,7.19,2025-08-27,15:00,model,6.0,2025-08-28T06:00:03
6863440,2025-08-28T19:00:00,1.0,Big Ten,Mid-American,17.0,2025-08-28,17:00,model,12.0,2025-08-28T18:00:02
6885491,2025-08-28T19:00:00,1.0,American Athletic,SWAC,27.24,2025-08-27,16:00,model,25.0,2025-08-27T15:51:31
6953577,2025-08-28T19:00:00,1.0,ACC,CAA,14.75,2025-08-26,23:00,model,11.0,2025-08-27T14:44:49
6886533,2025-08-28T19:00:00,1.0,ACC,American Athletic,114.84,2025-08-27,16:00,model,106.0,2025-08-27T15:51:31
6863723,2025-08-28T19:00:00,1.0,Big 12,Southland,18.86,2025-08-27,20:00,model,20.0,2025-08-28T18:00:02
6809418,2025-08-28T20:00:00,1.0,Big 12,Big Ten,56.05,2025-08-28,03:00,model,24.0,2025-08-29T00:00:00
6876516,2025-08-28T20:00:00,1.0,Big Ten,Mid-American,6.7,2025-08-28,18:00,model,4.0,2025-08-28T18:00:02
6849988,2025-08-29T18:00:00,1.0,Big 12,ACC,123.29,2025-08-24,17:00,model,124.0,2025-08-28T06:00:03
7020963,2025-08-29T18:00:00,1.0,American Athletic,UAC,5.11,2025-08-29,00:00,model,5.0,2025-08-29T00:00:00
6886786,2025-08-29T18:00:00,1.0,Big 12,NEC,9.13,2025-08-29,00:00,model,7.0,2025-08-29T00:00:00
6879347,2025-08-29T18:00:00,1.0,Big Ten,Big South-OVC,3.24,2025-08-27,16:00,model,3.0,2025-08-29T00:00:00
6886597,2025-08-29T19:00:00,1.0,ACC,Conference USA,4.94,2025-08-28,07:00,model,5.0,2025-08-29T12:00:01
6887200,2025-08-29T19:00:00,1.0,Mountain West,Mid-American,13.85,2025-08-29,18:00,model,11.0,2025-08-29T18:00:03
7038973,2025-08-29T19:00:00,1.0,Conference USA,SWAC,18.56,2025-07-31,00:00,model,11.0,2025-08-29T18:00:03
6798223,2025-08-29T19:00:00,1.0,Big 12,SEC,53.64,2025-08-29,17:00,model,47.0,2025-08-29T18:00:03
6863435,2025-08-29T19:00:00,1.0,Big Ten,Mid-American,48.37,2025-08-15,06:00,model,45.0,
6867578,2025-08-29T20:00:00,1.0,Conference USA,Mountain West,18.42,2025-08-29,18:00,model,17.0,2025-08-29T18:00:03
6270460,2025-08-30T03:00:00,1.0,American Athletic,Southern,20.27,2025-08-28,21:00,model,72.0,2025-08-30T00:00:00
6877372,2025-08-30T03:00:00,1.0,Big Ten,American Athletic,17.84,2025-08-29,02:00,model,18.0,2025-08-30T00:00:00
6863432,2025-08-30T03:00:00,1.0,Big Ten,Mountain West,69.1,2025-08-27,15:00,model,,
6850573,2025-08-30T11:00:00,1.0,American Athletic,Big Ten,2.14,2025-08-28,09:00,model,2.0,2025-08-29T00:00:00
6887457,2025-08-30T11:00:00,1.0,Sun Belt,SEC,20.8,2025-08-30,02:00,model,17.0,2025-08-30T12:00:03
6887062,2025-08-30T12:00:00,1.0,Mid-American,FCS Independents,9.56,2025-08-29,23:00,model,8.0,2025-08-30T06:00:03
6916578,2025-08-30T12:00:00,1.0,ACC,NEC,29.84,2025-08-30,03:00,model,15.0,
6879215,2025-08-30T12:00:00,1.0,Big Ten,Mid-American,9.97,2025-08-27,15:00,model,8.0,
6878897,2025-08-30T12:00:00,1.0,SEC,Mid-American,12.97,2025-08-29,19:00,model,11.0,2025-08-29T18:00:03
6796379,2025-08-30T12:00:00,1.0,Big Ten,SEC,228.6,2025-08-29,00:00,model,221.0,2025-08-28T18:00:02
6862846,2025-08-30T12:00:00,1.0,Big Ten,American Athletic,17.96,2025-08-30,00:00,model,2.0,2025-08-30T12:00:03
6886638,2025-08-30T12:00:00,1.0,American Athletic,Southern,20.34,2025-08-21,19:00,model,24.0,2025-08-30T06:00:03
6796426,2025-08-30T12:00:00,1.0,SEC,ACC,47.11,2025-08-30,01:00,model,7.0,2025-08-30T12:00:03
6887099,2025-08-30T13:00:00,1.0,Mountain West,Patriot,21.35,2025-08-29,00:00,model,12.0,2025-08-30T18:00:03
6877458,2025-08-30T13:00:00,1.0,Big Ten,Big Sky,32.54,2025-08-28,11:00,model,19.0,2025-08-30T18:00:03
6886433,2025-08-30T14:00:00,1.0,ACC,Patriot,2.01,2025-08-28,23:00,model,2.0,2025-08-29T00:00:00
6863742,2025-08-30T14:00:00,1.0,Big 12,NEC,23.28,2025-08-30,11:00,model,17.0,2025-08-30T12:00:03
6797955,2025-08-30T14:00:00,1.0,Big 12,MVFC,20.01,2025-08-28,16:00,model,10.0,2025-08-30T18:00:03
6879116,2025-08-30T14:00:00,1.0,Big Ten,Sun Belt,26.91,2025-08-20,11:00,model,17.0,2025-08-30T12:00:03
6887083,2025-08-30T14:00:00,1.0,Mid-American,Patriot,13.69,2025-08-29,20:00,model,12.0,2025-08-29T18:00:03
6849308,2025-08-30T14:00:00,1.0,FBS Independents,NEC,11.31,2025-08-07,15:00,model,12.0,2025-08-27T14:44:49
6886516,2025-08-30T15:00:00,1.0,ACC,UAC,10.79,2025-08-10,00:00,model,6.0,
6849940,2025-08-30T15:00:00,1.0,ACC,SEC,165.62,2025-08-30,06:00,model,160.0,2025-08-30T06:00:03
6886636,2025-08-30T15:00:00,1.0,American Athletic,Southern,13.63,2025-08-27,15:00,model,12.0,2025-08-27T14:44:49
6878847,2025-08-30T15:00:00,1.0,SEC,Sun Belt,30.24,2025-08-30,00:00,model,29.0,2025-08-30T00:00:00
6886991,2025-08-30T15:00:00,1.0,Mid-American,American Athletic,15.57,2025-08-29,19:00,model,13.0,2025-08-30T18:00:03
6878807,2025-08-30T15:00:00,1.0,SEC,SWAC,12.83,2025-08-30,06:00,model,8.0,2025-08-30T12:00:03
6877503,2025-08-30T15:00:00,1.0,Big Ten,Mountain West,10.99,2025-08-27,19:00,model,11.0,2025-08-29T12:00:01
6861938,2025-08-30T16:00:00,1.0,Big Ten,Conference USA,12.49,2025-08-30,11:00,model,13.0,2025-08-30T18:00:03
6886905,2025-08-30T16:00:00,1.0,Conference USA,CAA,26.19,2025-08-30,12:00,model,12.0,2025-08-30T18:00:03
6862838,2025-08-30T17:00:00,1.0,Big Ten,CAA,24.53,2025-08-30,13:00,model,23.0,2025-08-30T00:00:00
6796422,2025-08-30T17:00:00,1.0,SEC,MVFC,33.96,2025-08-27,14:00,model,33.0,2025-08-27T14:44:49
6887205,2025-08-30T17:00:00,1.0,Mountain West,Conference USA,32.72,2025-08-30,00:00,model,33.0,2025-08-27T14:44:49
6878920,2025-08-30T18:00:00,1.0,SEC,Sun Belt,16.41,2025-08-27,23:00,model,15.0,2025-08-29T18:00:03
6887424,2025-08-30T18:00:00,1.0,Sun Belt,MEAC,22.89,2025-08-30,07:00,model,23.0,2025-08-30T00:00:00
6879075,2025-08-30T18:00:00,1.0,SEC,Big South-OVC,5.7,2025-08-30,10:00,model,5.0,2025-08-30T12:00:03
6886789,2025-08-30T18:00:00,1.0,Big 12,MVFC,37.97,2025-08-29,18:00,model,30.0,2025-08-30T12:00:03
6867576,2025-08-30T18:00:00,1.0,Conference USA,UAC,14.9,2025-08-29,19:00,model,13.0,2025-08-29T18:00:03
6886951,2025-08-30T18:00:00,1.0,Conference USA,UAC,8.21,2025-08-29,18:00,model,6.0,2025-08-29T18:00:03
6886735,2025-08-30T18:00:00,1.0,Big 12,Big Sky,76.56,2025-08-13,16:00,model,69.0,
6887474,2025-08-30T18:00:00,1.0,Sun Belt,Southland,14.1,2025-08-30,13:00,model,10.0,2025-08-30T18:00:03
6867517,2025-08-30T18:00:00,1.0,Mountain West,Sun Belt,16.7,2025-08-29,09:00,model,16.0,2025-08-29T00:00:00
6878995,2025-08-30T18:00:00,1.0,SEC,American Athletic,49.06,2025-08-30,09:00,model,48.0,2025-08-30T06:00:03
6862877,2025-08-30T18:00:00,1.0,Sun Belt,Big Sky,29.08,2025-07-31,23:00,model,30.0,2025-08-29T18:00:03
6867571,2025-08-30T18:00:00,1.0,Conference USA,Southland,18.01,2025-08-29,12:00,model,15.0,2025-08-30T12:00:03
6887410,2025-08-30T18:00:00,1.0,Sun Belt,Big South-OVC,13.44,2025-08-27,16:00,model,12.0,2025-08-27T14:44:49
6863602,2025-08-30T18:00:00,1.0,ACC,Sun Belt,7.6,2025-08-29,10:00,model,7.0,2025-08-30T12:00:03
6863729,2025-08-30T18:00:00,1.0,Big 12,SWAC,33.5,2025-08-01,14:00,model,41.0,2025-08-30T00:00:00
6886648,2025-08-30T19:00:00,1.0,American Athletic,Southland,17.99,2025-08-30,14:00,model,15.0,2025-08-30T18:00:03
6976492,2025-08-30T19:00:00,1.0,Conference USA,CAA,21.89,2025-08-20,22:00,model,23.0,2025-08-30T12:00:03
6878488,2025-08-30T19:00:00,1.0,SEC,NEC,29.46,2025-08-30,00:00,model,27.0,2025-08-30T00:00:00
6886722,2025-08-30T19:00:00,1.0,Big 12,Big Sky,19.71,2025-08-14,16:00,model,10.0,
6879299,2025-08-30T19:00:00,1.0,Big Ten,Mountain West,68.49,2025-08-27,16:00,model,68.0,2025-08-28T18:00:02
6849938,2025-08-30T19:00:00,1.0,ACC,SEC,295.92,2025-08-28,13:00,model,275.0,2025-08-28T18:00:02
6886677,2025-08-30T19:00:00,1.0,American Athletic,UAC,11.7,2025-08-28,17:00,model,11.0,2025-08-28T18:00:02
6886709,2025-08-30T19:00:00,1.0,Big 12,Mountain West,8.88,2025-08-27,16:00,model,8.0,2025-08-27T15:51:31
6861914,2025-08-30T19:00:00,1.0,Pac-12,ACC,23.72,2025-08-05,15:00,model,23.0,2025-08-29T18:00:03
6887418,2025-08-30T19:00:00,1.0,Sun Belt,American Athletic,13.33,2025-08-30,00:00,model,10.0,2025-08-30T00:00:00
6887466,2025-08-30T19:00:00,1.0,Sun Belt,Mid-American,14.79,2025-08-28,04:00,model,14.0,2025-08-28T06:00:03
6952506,2025-08-30T20:00:00,1.0,ACC,Southland,3.24,2025-08-29,08:00,model,3.0,2025-08-29T00:00:00
6850414,2025-08-30T20:00:00,1.0,Big Ten,Big 12,27.13,2025-08-29,21:00,model,19.0,2025-08-30T12:00:03
6863494,2025-08-30T20:00:00,1.0,Big Ten,Mountain West,8.87,2025-08-30,13:00,model,7.0,2025-08-30T12:00:03
6880635,2025-08-31T15:00:00,1.0,SEC,ACC,31.45,2025-08-31,02:00,model,30.0,2025-08-31T00:00:00
6886525,2025-08-31T19:00:00,1.0,ACC,FBS Independents,164.94,2025-08-31,15:00,model,184.0,2025-08-31T00:00:00
7124721,2025-09-01T03:00:00,,,,5.27,2025-08-21,23:00,model,59.0,2025-09-01T00:00:00
6798150,2025-09-01T20:00:00,1.0,ACC,Big 12,63.42,2025-08-19,16:00,model,68.0,2025-08-27T14:44:49
6877774,2025-09-05T18:00:00,2.0,Big Ten,Big South-OVC,42.28,2025-09-05,06:00,model,23.0,2025-09-05T18:00:00
6862849,2025-09-05T19:00:00,2.0,Big Ten,Mid-American,2.0,2025-08-31,13:00,model,2.0,2025-09-05T10:43:36
6886519,2025-09-05T19:00:00,2.0,ACC,Sun Belt,5.99,2025-08-31,13:00,model,6.0,2025-09-01T00:00:00
6861716,2025-09-05T19:00:00,2.0,Mountain West,Big Sky,34.8,2025-08-27,19:00,model,37.0,
6863454,2025-09-06T03:00:00,2.0,Sun Belt,American Athletic,22.65,2025-08-30,07:00,model,35.0,2025-09-05T10:43:36
6877373,2025-09-06T03:00:00,,,,5.27,2025-08-26,23:00,model,4.0,2025-09-05T10:43:36
6887155,2025-09-06T03:00:00,2.0,Mountain West,Big Sky,17.94,2025-08-29,23:00,model,17.0,2025-09-01T12:00:03
6850371,2025-09-06T11:00:00,2.0,Big 12,Big Ten,107.12,2025-08-29,13:00,model,103.0,2025-08-29T12:00:01
6863731,2025-09-06T11:00:00,2.0,Big 12,Mid-American,5.37,2025-09-06,07:00,model,3.0,2025-09-06T00:00:01
6878999,2025-09-06T11:00:00,2.0,SEC,Mountain West,17.5,2025-09-05,17:00,model,11.0,2025-09-06T12:00:01
6878555,2025-09-06T11:00:00,2.0,SEC,Mountain West,55.02,2025-09-06,06:00,model,18.0,2025-09-06T12:00:01
6798225,2025-09-06T11:00:00,2.0,ACC,Big 12,58.43,2025-09-05,23:00,model,35.0,2025-09-06T12:00:01
6976448,2025-09-06T11:00:00,2.0,Conference USA,Conference USA,20.3,2025-08-30,16:00,model,20.0,2025-08-31T00:00:00
6863442,2025-09-06T11:00:00,2.0,Big Ten,Southland,13.18,2025-08-19,15:00,model,13.0,2025-08-30T12:00:03
6886537,2025-09-06T12:00:00,2.0,ACC,ACC,20.08,2025-09-05,18:00,model,18.0,2025-09-06T12:00:01
6886452,2025-09-06T12:00:00,2.0,ACC,Big Ten,15.92,2025-09-03,13:00,model,18.0,2025-09-05T10:43:36
6877505,2025-09-06T12:00:00,2.0,Big Ten,Conference USA,6.06,2025-09-04,23:00,model,3.0,2025-09-06T12:00:01
6797401,2025-09-06T12:00:00,2.0,Big Ten,Big 12,24.13,2025-09-05,21:00,model,12.0,2025-09-06T18:00:00
6886578,2025-09-06T12:00:00,2.0,ACC,FBS Independents,3.09,2025-08-29,09:00,model,3.0,2025-08-29T00:00:00
6861917,2025-09-06T12:00:00,2.0,Pac-12,Mountain West,11.69,2025-09-05,21:00,model,7.0,2025-09-06T12:00:01
6796397,2025-09-06T12:00:00,2.0,ACC,Southland,8.57,2025-08-29,12:00,model,7.0,2025-08-29T12:00:01
6869813,2025-09-06T12:00:00,2.0,ACC,Mid-American,2.9,2025-08-28,23:00,model,3.0,2025-09-05T10:43:36
6879124,2025-09-06T12:00:00,2.0,Big Ten,Conference USA,15.81,2025-09-05,11:00,model,12.0,2025-09-06T12:00:01
6863699,2025-09-06T13:00:00,2.0,Big 12,Conference USA,32.59,2025-09-05,22:00,model,29.0,2025-09-06T00:00:01
6867558,2025-09-06T14:00:00,2.0,Mountain West,Big Sky,12.74,2025-08-27,16:00,model,11.0,2025-08-28T06:00:03
6887220,2025-09-06T14:00:00,2.0,Mountain West,MVFC,27.2,2025-08-27,15:00,model,17.0,2025-09-06T18:00:00
6886699,2025-09-06T14:00:00,2.0,American Athletic,Sun Belt,27.27,2025-09-06,13:00,model,27.0,2025-08-28T06:00:03
7017393,2025-09-06T14:00:00,2.0,American Athletic,MEAC,6.15,2025-09-03,10:00,model,6.0,2025-09-05T10:43:36
6886601,2025-09-06T14:00:00,2.0,ACC,Southern,7.0,2025-08-30,23:00,model,7.0,2025-08-31T00:00:00
6798055,2025-09-06T14:00:00,2.0,SEC,Big 12,185.37,2025-09-06,13:00,model,186.0,2025-09-06T12:00:01
6878855,2025-09-06T14:00:00,2.0,SEC,UAC,33.11,2025-09-06,05:00,model,32.0,2025-09-06T12:00:01
6887094,2025-09-06T15:00:00,2.0,Mid-American,American Athletic,17.82,2025-08-26,16:00,model,15.0,
6886742,2025-09-06T15:00:00,2.0,Big 12,Mid-American,34.08,2025-08-22,15:00,model,34.0,2025-08-28T18:00:02
6862871,2025-09-06T15:00:00,2.0,Sun Belt,Big South-OVC,94.99,2025-09-06,11:00,model,81.0,2025-09-06T12:00:01
6879248,2025-09-06T15:00:00,2.0,Big Ten,Mid-American,15.9,2025-09-04,02:00,model,14.0,2025-09-06T00:00:01
7024758,2025-09-06T15:00:00,2.0,Mid-American,CAA,12.11,2025-09-05,18:00,model,9.0,2025-09-06T18:00:00
6886445,2025-09-06T15:00:00,2.0,ACC,Sun Belt,9.4,2025-09-06,10:00,model,6.0,2025-09-06T18:00:00
7017345,2025-09-06T15:00:00,2.0,American Athletic,American Athletic,17.39,2025-08-28,21:00,model,11.0,2025-09-06T18:00:00
6878671,2025-09-06T15:00:00,2.0,SEC,Southern,55.65,2025-09-06,01:00,model,42.0,2025-09-06T00:00:01
6886440,2025-09-06T15:00:00,2.0,ACC,SWAC,19.04,2025-08-27,15:00,model,19.0,2025-08-27T14:11:10
6867596,2025-09-06T15:00:00,2.0,Mid-American,NEC,16.2,2025-09-05,19:00,model,16.0,2025-09-05T10:43:36
6876522,2025-09-06T15:00:00,2.0,Big Ten,Conference USA,7.21,2025-08-27,14:00,model,7.0,2025-09-06T18:00:00
6878904,2025-09-06T15:00:00,2.0,SEC,SEC,40.88,2025-09-05,17:00,model,40.0,2025-09-05T18:00:00
6863571,2025-09-06T15:00:00,2.0,ACC,Big South-OVC,6.19,2025-08-27,15:00,model,6.0,2025-08-30T18:00:03
6853013,2025-09-06T15:00:00,2.0,SEC,Conference USA,19.69,2025-09-05,12:00,model,10.0,2025-09-06T18:00:00
6878489,2025-09-06T16:00:00,2.0,SEC,American Athletic,37.3,2025-09-06,07:00,model,52.0,
6886853,2025-09-06T16:00:00,2.0,Big 12,Big Sky,42.86,2025-08-29,19:00,model,42.0,2025-08-29T18:00:03
6878808,2025-09-06T16:00:00,2.0,SEC,Sun Belt,50.08,2025-08-22,14:00,model,21.0,2025-09-06T18:00:00
6850475,2025-09-06T16:00:00,2.0,Mid-American,Big 12,66.45,2025-09-06,08:00,model,18.0,2025-09-06T18:00:00
6861939,2025-09-06T16:00:00,2.0,Big Ten,Sun Belt,9.73,2025-09-06,11:00,model,11.0,2025-09-06T12:00:01
6960326,2025-09-06T16:00:00,2.0,Sun Belt,SWAC,42.22,2025-09-06,06:00,model,38.0,2025-09-05T18:00:00
6867514,2025-09-06T17:00:00,2.0,Mountain West,Big Sky,21.39,2025-09-06,11:00,model,29.0,2025-08-31T00:00:00
6798095,2025-09-06T17:00:00,2.0,Mountain West,Big Ten,55.79,2025-09-05,18:00,model,53.0,2025-09-01T06:00:03
6886794,2025-09-06T18:00:00,2.0,Big 12,American Athletic,42.57,2025-09-05,17:00,model,30.0,2025-09-05T18:00:00
6798270,2025-09-06T18:00:00,2.0,American Athletic,Big 12,37.35,2025-09-02,13:00,model,36.0,2025-09-01T12:00:03
6887427,2025-09-06T18:00:00,2.0,Sun Belt,American Athletic,22.05,2025-09-06,07:00,model,14.0,2025-09-06T18:00:00
6849971,2025-09-06T18:00:00,2.0,SEC,Big 12,13.32,2025-08-28,23:00,model,13.0,2025-08-29T00:00:00
6863443,2025-09-06T18:00:00,2.0,Big Ten,Mid-American,46.09,2025-08-28,18:00,model,42.0,2025-08-28T18:00:02
6867531,2025-09-06T18:00:00,2.0,Mountain West,Conference USA,28.52,2025-09-06,00:00,model,24.0,2025-09-06T00:00:01
6796424,2025-09-06T18:00:00,2.0,SEC,Big Ten,227.63,2025-09-05,23:00,model,207.0,2025-09-06T12:00:01
6878823,2025-09-06T18:00:00,2.0,SEC,Mid-American,17.0,2025-08-30,03:00,model,14.0,2025-09-01T12:00:03
6887393,2025-09-06T18:00:00,2.0,Sun Belt,Conference USA,10.26,2025-08-29,21:00,model,9.0,2025-08-29T18:00:03
6886619,2025-09-06T18:00:00,2.0,American Athletic,CAA,17.62,2025-09-01,18:00,model,14.0,2025-09-06T18:00:00
7017325,2025-09-06T18:00:00,,,,5.17,2025-08-27,19:00,model,10.0,2025-09-05T18:00:00
6878879,2025-09-06T18:00:00,2.0,SEC,Conference USA,16.85,2025-08-30,00:00,model,11.0,2025-09-06T18:00:00
6878528,2025-09-06T18:00:00,2.0,SEC,Sun Belt,10.75,2025-09-06,13:00,model,6.0,2025-09-06T12:00:01
6887401,2025-09-06T18:00:00,,,,5.17,2025-08-27,19:00,model,17.0,2025-09-05T10:43:36
6863438,2025-09-06T19:00:00,2.0,Big Ten,ACC,35.25,2025-09-02,12:00,model,34.0,2025-09-02T12:00:01
6887328,2025-09-06T19:00:00,2.0,Sun Belt,American Athletic,22.45,2025-08-31,07:00,model,21.0,2025-08-31T06:00:04
6887423,2025-09-06T19:00:00,2.0,Sun Belt,Southland,25.28,2025-08-29,12:00,model,25.0,2025-08-29T00:00:00
6886715,2025-09-06T19:00:00,2.0,Big 12,Big Sky,3.0,2025-08-30,13:00,model,3.0,2025-08-31T00:00:00
6867615,2025-09-06T19:00:00,2.0,Mid-American,Conference USA,18.75,2025-09-05,16:00,model,13.0,2025-09-06T12:00:01
6861927,2025-09-06T19:00:00,2.0,Pac-12,Mountain West,22.55,2025-09-06,18:00,model,13.0,2025-09-07T00:00:03
6862873,2025-09-06T19:00:00,2.0,Sun Belt,Big South-OVC,45.42,2025-09-03,15:00,model,40.0,2025-09-05T18:00:00
6886835,2025-09-06T19:00:00,2.0,Big 12,CAA,20.56,2025-09-05,13:00,model,21.0,2025-09-06T18:00:00
6868683,2025-09-06T19:00:00,2.0,SEC,MEAC,48.1,2025-08-22,15:00,model,42.0,
6798139,2025-09-06T19:00:00,2.0,SEC,MEAC,48.1,2025-08-22,15:00,model,64.0,2025-09-06T12:00:01
6886529,2025-09-06T19:00:00,2.0,ACC,SWAC,3.68,2025-09-05,04:00,model,3.0,2025-09-06T00:00:01
6867606,2025-09-06T19:00:00,2.0,Mid-American,NEC,16.53,2025-09-06,07:00,model,15.0,2025-09-06T00:00:01
6798221,2025-09-06T19:00:00,2.0,ACC,SEC,21.82,2025-09-06,02:00,model,18.0,2025-09-06T06:00:04
6886921,2025-09-06T19:00:00,2.0,Conference USA,American Athletic,11.52,2025-08-30,19:00,model,11.0,2025-09-06T00:00:01
6879219,2025-09-06T19:00:00,2.0,Big Ten,MVFC,2.27,2025-08-29,18:00,model,2.0,2025-08-29T12:00:01
6886938,2025-09-06T19:00:00,2.0,Conference USA,Big South-OVC,18.27,2025-09-05,16:00,model,14.0,2025-09-06T18:00:00
6863497,2025-09-06T20:00:00,2.0,Big Ten,Big Sky,6.04,2025-08-29,23:00,model,6.0,2025-09-06T00:00:01
6849991,2025-09-06T20:00:00,2.0,Big 12,ACC,72.41,2025-08-18,23:00,model,70.0,2025-08-30T00:00:00
6953569,2025-09-11T19:00:00,3.0,ACC,ACC,19.0,2025-08-30,03:00,model,19.0,2025-09-08T00:00:03
6971115,2025-09-12T18:00:00,3.0,Big 12,Big 12,53.06,2025-08-29,03:00,model,53.0,2025-09-08T12:00:03
6886716,2025-09-12T18:00:00,3.0,Big 12,Big 12,11.2,2025-08-29,21:00,model,9.0,2025-09-06T00:00:01
6879134,2025-09-12T18:00:00,3.0,Big Ten,MVFC,24.99,2025-08-27,03:00,model,21.0,2025-09-07T00:00:03
6863489,2025-09-12T19:00:00,3.0,Big Ten,Mountain West,6.61,2025-09-09,19:00,model,6.0,2025-09-10T00:00:00
6886582,2025-09-12T19:00:00,3.0,ACC,Patriot,2.0,2025-09-01,06:00,model,2.0,2025-09-01T00:00:00
6878921,2025-09-13T03:00:00,3.0,SEC,SEC,23.04,2025-09-07,01:00,model,61.0,2025-09-13T10:23:17
6877378,2025-09-13T03:00:00,3.0,Big Ten,CAA,2.2,2025-09-04,18:00,model,3.0,2025-09-05T10:43:36
6878721,2025-09-13T03:00:00,3.0,SEC,SEC,115.11,2025-08-19,01:00,model,101.0,2025-09-13T10:23:17
6863481,2025-09-13T03:00:00,3.0,Big Ten,Mid-American,87.38,2025-08-26,16:00,model,93.0,2025-09-08T18:00:00
6863433,2025-09-13T03:00:00,3.0,Big Ten,Mid-American,24.55,2025-08-27,03:00,model,,
6867522,2025-09-13T03:00:00,3.0,Mountain West,SWAC,15.35,2025-08-30,03:00,model,14.0,2025-08-30T00:00:00
7016399,2025-09-13T06:00:00,3.0,Sun Belt,Sun Belt,6.0,2025-09-06,13:00,model,6.0,2025-09-09T00:00:00
6909751,2025-09-13T11:00:00,3.0,Big 12,Southern,15.53,2025-09-13,06:00,model,11.0,2025-09-13T10:23:17
6863448,2025-09-13T11:00:00,3.0,Big Ten,Southland,15.77,2025-08-21,18:00,model,7.0,2025-09-13T10:23:17
6887477,2025-09-13T11:00:00,3.0,Sun Belt,American Athletic,12.25,2025-09-09,13:00,model,10.0,2025-09-13T10:23:17
6798272,2025-09-13T11:00:00,3.0,SEC,Big Ten,28.64,2025-09-13,09:00,model,6.0,2025-09-13T10:23:17
6877776,2025-09-13T11:00:00,3.0,Big Ten,Big Ten,146.35,2025-09-13,10:00,model,103.0,2025-09-13T10:23:17
6878825,2025-09-13T11:00:00,3.0,SEC,Sun Belt,53.78,2025-08-15,23:00,model,30.0,2025-09-13T10:23:17
6884399,2025-09-13T12:00:00,3.0,American Athletic,SEC,22.27,2025-09-12,00:00,model,30.0,2025-09-13T10:23:17
6879315,2025-09-13T12:00:00,3.0,Big Ten,Mid-American,75.46,2025-09-11,15:00,model,66.0,2025-09-13T10:23:17
6953542,2025-09-13T12:00:00,3.0,ACC,ACC,72.88,2025-08-24,19:00,model,67.0,
7024749,2025-09-13T12:00:00,3.0,Mid-American,Mid-American,13.95,2025-08-20,03:00,model,14.0,2025-09-08T00:00:03
6862851,2025-09-13T12:00:00,3.0,Big Ten,CAA,2.21,2025-09-04,18:00,model,2.0,2025-09-13T10:23:17
6863605,2025-09-13T12:00:00,3.0,ACC,CAA,5.04,2025-09-08,06:00,model,5.0,2025-09-08T00:00:03
6878966,2025-09-13T12:00:00,3.0,SEC,Sun Belt,31.05,2025-09-13,11:00,model,19.0,2025-09-13T10:23:17
6886655,2025-09-13T14:00:00,3.0,American Athletic,Pac-12,19.64,2025-09-13,11:00,model,17.0,2025-09-13T10:23:17
6863734,2025-09-13T14:00:00,3.0,Big 12,Pac-12,28.71,2025-09-13,00:00,model,20.0,2025-09-13T10:23:17
6887052,2025-09-13T14:00:00,3.0,Mid-American,CAA,16.13,2025-09-08,23:00,model,15.0,2025-09-09T00:00:00
6867559,2025-09-13T14:00:00,3.0,Mountain West,Conference USA,11.21,2025-09-09,17:00,model,11.0,2025-09-13T10:23:17
6886703,2025-09-13T14:00:00,3.0,American Athletic,Southland,16.65,2025-09-08,18:00,model,15.0,2025-09-08T18:00:00
6863521,2025-09-13T14:00:00,3.0,Conference USA,ACC,27.76,2025-09-06,12:00,model,21.0,2025-09-06T00:00:01
6879250,2025-09-13T15:00:00,3.0,Big Ten,MEAC,15.64,2025-09-10,23:00,model,16.0,2025-09-10T00:00:00
6877508,2025-09-13T15:00:00,3.0,Big Ten,CAA,34.44,2025-09-11,00:00,model,34.0,2025-09-10T00:00:00
6878672,2025-09-13T15:00:00,3.0,SEC,SEC,307.53,2025-08-28,05:00,model,293.0,2025-08-28T06:00:03
6878556,2025-09-13T15:00:00,3.0,SEC,Conference USA,66.9,2025-08-29,11:00,model,39.0,2025-09-13T10:23:17
6798027,2025-09-13T15:00:00,3.0,Big 12,ACC,203.51,2025-09-12,23:00,model,129.0,2025-09-13T10:23:17
6877708,2025-09-13T15:00:00,3.0,Big Ten,Big Ten,18.5,2025-08-27,15:00,model,17.0,2025-08-27T14:44:49
6886546,2025-09-13T15:00:00,3.0,ACC,Patriot,38.05,2025-09-13,11:00,model,34.0,2025-09-13T10:23:17
6886764,2025-09-13T15:00:00,3.0,Big 12,Southland,13.8,2025-09-13,10:00,model,9.0,2025-09-13T10:23:17
6850448,2025-09-13T15:00:00,3.0,Sun Belt,Big 12,33.35,2025-09-12,23:00,model,27.0,2025-09-13T10:23:17
6863436,2025-09-13T15:00:00,3.0,Big Ten,MVFC,42.05,2025-09-13,10:00,model,35.0,2025-09-13T10:23:17
6903909,2025-09-13T15:00:00,3.0,Conference USA,FBS Independents,15.27,2025-08-31,00:00,model,15.0,2025-08-31T00:00:00
6867619,2025-09-13T15:00:00,3.0,Mid-American,MEAC,18.56,2025-09-06,07:00,model,18.0,2025-09-06T00:00:01
6886531,2025-09-13T16:00:00,3.0,ACC,American Athletic,9.01,2025-08-23,16:00,model,9.0,2025-08-29T00:00:00
6879160,2025-09-13T17:00:00,3.0,SEC,SEC,19.44,2025-09-05,11:00,model,6.0,2025-09-06T00:00:01
6867594,2025-09-13T17:00:00,3.0,Mid-American,Conference USA,23.71,2025-08-15,00:00,model,28.0,2025-09-08T00:00:03
6976304,2025-09-13T18:00:00,3.0,Conference USA,Conference USA,17.36,2025-09-13,10:00,model,16.0,2025-09-13T10:23:17
6850426,2025-09-13T18:00:00,3.0,Mountain West,Big 12,55.95,2025-09-13,08:00,model,45.0,2025-09-13T10:23:17
6887396,2025-09-13T18:00:00,3.0,Sun Belt,UAC,12.82,2025-09-09,13:00,model,12.0,2025-09-09T12:00:03
6886873,2025-09-13T18:00:00,3.0,American Athletic,SEC,21.64,2025-09-13,00:00,model,16.0,2025-09-13T10:23:17
6878881,2025-09-13T18:00:00,3.0,SEC,SEC,127.39,2025-09-12,23:00,model,68.0,2025-09-13T10:23:17
6879349,2025-09-13T18:00:00,3.0,Big Ten,Mid-American,24.13,2025-08-27,18:00,model,16.0,2025-09-13T10:23:17
6867533,2025-09-13T18:00:00,3.0,Mountain West,Big Sky,29.25,2025-09-13,00:00,model,24.0,
6886614,2025-09-13T18:00:00,3.0,American Athletic,CAA,5.24,2025-09-09,00:00,model,5.0,2025-09-09T00:00:00
6976399,2025-09-13T18:00:00,3.0,Conference USA,FCS Independents,18.14,2025-09-12,19:00,model,21.0,2025-09-13T10:23:17
6862841,2025-09-13T18:00:00,3.0,Big Ten,Mid-American,19.39,2025-09-13,17:00,model,13.0,2025-09-13T10:23:17
7017371,2025-09-13T18:00:00,3.0,American Athletic,SWAC,17.5,2025-09-13,10:00,model,13.0,2025-09-13T10:23:17
6886726,2025-09-13T19:00:00,3.0,Big 12,Sun Belt,5.23,2025-08-28,07:00,model,5.0,2025-08-28T18:00:02
6953540,2025-09-13T19:00:00,3.0,ACC,ACC,4.03,2025-09-07,06:00,model,3.0,
6862874,2025-09-13T19:00:00,3.0,Sun Belt,American Athletic,50.74,2025-09-12,09:00,model,40.0,2025-09-13T10:23:17
7001763,2025-09-13T19:00:00,3.0,Mountain West,Mountain West,30.28,2025-09-13,11:00,model,28.0,2025-09-13T10:23:17
6862875,2025-09-13T19:00:00,3.0,Sun Belt,Conference USA,26.27,2025-08-15,23:00,model,29.0,2025-09-01T00:00:00
6886812,2025-09-13T19:00:00,3.0,Big 12,UAC,31.88,2025-09-12,12:00,model,28.0,2025-09-13T10:23:17
7017469,2025-09-13T19:00:00,3.0,American Athletic,American Athletic,16.12,2025-08-31,10:00,model,14.0,2025-09-13T10:23:17
6850582,2025-09-13T19:00:00,3.0,American Athletic,ACC,13.13,2025-08-29,07:00,model,13.0,2025-08-30T00:00:00
6853015,2025-09-13T19:00:00,3.0,Big Ten,Mid-American,77.48,2025-08-29,11:00,model,74.0,2025-09-06T06:00:04
6885494,2025-09-13T19:00:00,3.0,American Athletic,Mid-American,15.36,2025-09-13,10:00,model,13.0,2025-09-13T10:23:17
6863617,2025-09-13T19:00:00,3.0,ACC,Sun Belt,8.44,2025-09-06,12:00,model,8.0,2025-09-08T06:00:02
6796428,2025-09-13T19:00:00,3.0,FBS Independents,SEC,330.29,2025-09-11,13:00,model,130.0,2025-09-13T10:23:17
6863540,2025-09-13T19:00:00,3.0,ACC,Big Ten,23.34,2025-09-12,00:00,model,20.0,2025-09-13T10:23:17
6878906,2025-09-13T19:00:00,3.0,SEC,Mid-American,17.46,2025-09-10,00:00,model,17.0,2025-09-10T00:00:00
6887331,2025-09-13T19:00:00,3.0,Sun Belt,MVFC,6.63,2025-09-06,11:00,model,6.0,2025-09-06T00:00:01
7017188,2025-09-18T19:00:00,,,,5.17,2025-09-08,20:00,model,2.0,
6886803,2025-09-19T18:00:00,4.0,Big 12,American Athletic,57.03,2025-09-19,00:00,model,40.0,
6879252,2025-09-19T20:00:00,4.0,Big Ten,Big Ten,46.19,2025-09-18,09:00,model,23.0,
6867515,2025-09-20T03:00:00,4.0,ACC,American Athletic,12.0,2025-08-31,00:00,model,25.0,2025-09-10T00:00:00
6970913,2025-09-20T03:00:00,4.0,Big 12,Big 12,35.46,2025-09-12,10:00,model,19.0,
6863579,2025-09-20T03:00:00,4.0,ACC,American Athletic,12.0,2025-08-31,00:00,model,7.0,
6863624,2025-09-20T03:00:00,4.0,ACC,Southern,19.34,2025-09-12,11:00,model,5.0,
6879111,2025-09-20T03:00:00,4.0,SEC,SEC,38.06,2025-09-14,01:00,model,7.0,
7024838,2025-09-20T03:00:00,4.0,Mid-American,Mid-American,14.17,2025-09-06,18:00,model,12.0,
6879140,2025-09-20T03:00:00,4.0,Big Ten,Big Ten,155.33,2025-09-19,23:00,model,113.0,
6850590,2025-09-20T03:00:00,4.0,Big Ten,Pac-12,99.97,2025-09-08,20:00,model,6.0,
6878922,2025-09-20T03:00:00,4.0,SEC,American Athletic,49.56,2025-09-13,19:00,model,11.0,
6797463,2025-09-20T03:00:00,4.0,ACC,SEC,177.1,2025-09-20,02:00,model,108.0,
6953575,2025-09-20T03:00:00,4.0,ACC,ACC,14.84,2025-09-09,00:00,model,8.0,
6886470,2025-09-20T03:00:00,4.0,ACC,Mid-American,65.13,2025-08-29,21:00,model,57.0,
6878967,2025-09-20T03:00:00,4.0,SEC,SEC,85.23,2025-08-31,21:00,model,39.0,
6953573,2025-09-20T03:00:00,4.0,ACC,ACC,45.92,2025-09-13,15:00,model,19.0,
6867608,2025-09-20T03:00:00,4.0,Mid-American,Sun Belt,22.41,2025-09-12,11:00,model,13.0,
6797484,2025-09-20T03:00:00,4.0,American Athletic,Big 12,66.22,2025-09-06,23:00,model,31.0,
6953552,2025-09-20T03:00:00,4.0,ACC,ACC,29.26,2025-08-30,06:00,model,29.0,2025-09-08T00:00:03
6877471,2025-09-20T03:00:00,4.0,Big Ten,Big Ten,32.92,2025-09-05,00:00,model,24.0,
6861928,2025-09-20T03:00:00,4.0,Pac-12,Big Ten,156.63,2025-09-18,10:00,model,83.0,
6867599,2025-09-20T03:00:00,4.0,Mid-American,Sun Belt,25.74,2025-09-16,23:00,model,7.0,
6886817,2025-09-20T03:00:00,4.0,Big 12,ACC,86.35,2025-09-19,10:00,model,69.0,
6798208,2025-09-20T03:00:00,4.0,Big 12,ACC,36.53,2025-09-12,11:00,model,26.0,
6877374,2025-09-20T03:00:00,4.0,Big Ten,Big Ten,16.07,2025-08-29,00:00,model,6.0,
6887206,2025-09-20T03:00:00,4.0,Mountain West,Southland,27.81,2025-08-26,09:00,model,15.0,
6971119,2025-09-20T03:00:00,4.0,Big 12,Big 12,56.28,2025-09-06,23:00,model,85.0,2025-08-29T00:00:00
7016323,2025-09-20T03:00:00,4.0,Sun Belt,Sun Belt,22.26,2025-09-19,23:00,model,15.0,
6867610,2025-09-20T03:00:00,4.0,Mid-American,Mountain West,28.16,2025-09-19,00:00,model,22.0,
6887041,2025-09-20T03:00:00,4.0,Mid-American,NEC,25.6,2025-09-18,23:00,model,11.0,
6863706,2025-09-20T03:00:00,4.0,Big 12,Mountain West,131.66,2025-09-17,06:00,model,69.0,
6798063,2025-09-20T03:00:00,4.0,American Athletic,SEC,31.21,2025-09-13,20:00,model,50.0,
6970854,2025-09-20T03:00:00,4.0,Big 12,Big 12,27.7,2025-09-19,09:00,model,19.0,
6886520,2025-09-20T03:00:00,4.0,ACC,Mid-American,5.34,2025-08-30,06:00,model,5.0,2025-08-30T00:00:00
6878673,2025-09-20T12:00:00,4.0,SEC,American Athletic,82.58,2025-09-20,07:00,model,23.0,
7017180,2025-09-20T12:00:00,4.0,American Athletic,American Athletic,34.51,2025-09-20,10:00,model,12.0,
6886694,2025-09-20T12:00:00,4.0,American Athletic,MEAC,10.14,2025-08-27,23:00,model,10.0,2025-08-28T18:00:02
6887060,2025-09-20T13:00:00,4.0,Mid-American,NEC,28.99,2025-08-29,11:00,model,19.0,
6887203,2025-09-20T14:00:00,4.0,Mountain West,Big Sky,16.09,2025-09-20,11:00,model,6.0,
6877877,2025-09-20T14:00:00,4.0,Big Ten,Big Ten,139.02,2025-08-23,00:00,model,83.0,
6849309,2025-09-20T15:00:00,4.0,FBS Independents,Mid-American,8.15,2025-08-29,03:00,model,8.0,2025-08-30T00:00:00
6879200,2025-09-20T15:00:00,4.0,SEC,Mid-American,6.0,2025-09-02,14:00,model,6.0,2025-09-01T00:00:00
6887089,2025-09-20T15:00:00,4.0,Mid-American,Big South-OVC,3.0,2025-09-13,05:00,model,2.0,
6867256,2025-09-20T15:00:00,4.0,FBS Independents,Big Ten,79.78,2025-09-20,09:00,model,47.0,
6867570,2025-09-20T15:00:00,4.0,Conference USA,Sun Belt,101.56,2025-08-27,16:00,model,16.0,
6762998,2025-09-20T16:00:00,4.0,Pac-12,Big Ten,152.38,2025-09-14,14:00,model,64.0,
7001859,2025-09-20T17:00:00,4.0,Mountain West,Mountain West,21.0,2025-09-03,18:00,model,17.0,
7001887,2025-09-20T18:00:00,4.0,Mountain West,Mountain West,38.16,2025-09-20,17:00,model,26.0,
6879080,2025-09-20T18:00:00,4.0,SEC,Sun Belt,10.38,2025-09-10,00:00,model,9.0,2025-09-10T00:00:00
6886955,2025-09-20T18:00:00,4.0,Conference USA,Mountain West,16.0,2025-09-20,17:00,model,12.0,
6886897,2025-09-20T18:00:00,4.0,Conference USA,Sun Belt,17.03,2025-09-08,00:00,model,6.0,
6976288,2025-09-20T18:00:00,4.0,Conference USA,Conference USA,17.34,2025-08-22,03:00,model,10.0,
6886886,2025-09-20T18:00:00,4.0,Conference USA,MVFC,23.56,2025-09-15,23:00,model,33.0,2025-09-09T00:00:00
6867577,2025-09-20T18:00:00,4.0,Conference USA,Sun Belt,15.66,2025-09-18,16:00,model,12.0,
6867573,2025-09-20T18:00:00,4.0,Conference USA,Sun Belt,22.0,2025-09-20,15:00,model,19.0,
6878882,2025-09-20T18:00:00,4.0,SEC,Southland,14.25,2025-08-29,14:00,model,12.0,2025-08-30T00:00:00
6878557,2025-09-20T19:00:00,4.0,SEC,Conference USA,96.47,2025-08-30,19:00,model,81.0,
6887467,2025-09-20T19:00:00,4.0,Sun Belt,Southland,16.0,2025-09-07,18:00,model,16.0,2025-09-08T00:00:03
6862876,2025-09-20T19:00:00,4.0,Sun Belt,CAA,21.74,2025-08-22,03:00,model,16.0,
6867564,2025-09-20T19:00:00,4.0,Mountain West,ACC,67.0,2025-08-28,21:00,model,49.0,
6886944,2025-09-20T19:00:00,4.0,Conference USA,Sun Belt,16.29,2025-09-12,08:00,model,13.0,
7017317,2025-09-25T19:00:00,5.0,American Athletic,American Athletic,16.87,2025-09-09,03:00,model,8.0,
6970852,2025-09-26T18:00:00,5.0,Big 12,Big 12,19.63,2025-08-27,22:00,model,19.0,2025-08-27T14:44:49
6953555,2025-09-26T19:00:00,5.0,ACC,ACC,63.74,2025-08-27,19:00,model,35.0,
6861918,2025-09-26T19:00:00,5.0,Pac-12,Big 12,13.45,2025-09-12,11:00,model,6.0,
6970823,2025-09-27T03:00:00,5.0,Big 12,Big 12,44.3,2025-09-26,00:00,model,40.0,
6877391,2025-09-27T03:00:00,5.0,Big Ten,Big Ten,50.92,2025-09-07,18:00,model,72.0,
6861719,2025-09-27T03:00:00,5.0,Mountain West,Sun Belt,47.13,2025-09-26,00:00,model,51.0,2025-09-10T00:00:00
6957166,2025-09-27T03:00:00,5.0,ACC,ACC,23.55,2025-09-14,17:00,model,17.0,
6887404,2025-09-27T03:00:00,5.0,Sun Belt,Conference USA,20.96,2025-08-30,00:00,model,5.0,
7016299,2025-09-27T03:00:00,5.0,Sun Belt,Sun Belt,21.0,2025-09-10,05:00,model,21.0,2025-09-10T00:00:00
6953485,2025-09-27T03:00:00,5.0,ACC,ACC,86.98,2025-09-18,10:00,model,41.0,
7024731,2025-09-27T03:00:00,5.0,Mid-American,Mid-American,28.56,2025-09-16,22:00,model,15.0,
6886657,2025-09-27T03:00:00,5.0,American Athletic,Sun Belt,22.13,2025-08-29,12:00,model,3.0,
6879337,2025-09-27T03:00:00,5.0,Big Ten,Big Ten,79.02,2025-09-26,15:00,model,34.0,
7016282,2025-09-27T03:00:00,5.0,Sun Belt,Sun Belt,20.07,2025-09-25,12:00,model,21.0,
7024824,2025-09-27T03:00:00,5.0,Mid-American,Mid-American,20.26,2025-09-10,00:00,model,17.0,
7016301,2025-09-27T03:00:00,5.0,Sun Belt,Sun Belt,122.55,2025-09-06,16:00,model,29.0,
6953557,2025-09-27T03:00:00,5.0,ACC,ACC,6.4,2025-08-28,06:00,model,3.0,
6970860,2025-09-27T03:00:00,5.0,Big 12,Big 12,83.69,2025-08-28,07:00,model,54.0,
6957151,2025-09-27T03:00:00,5.0,ACC,ACC,35.05,2025-08-28,04:00,model,34.0,2025-08-27T14:44:49
6970930,2025-09-27T03:00:00,5.0,Big 12,Big 12,59.98,2025-09-18,07:00,model,12.0,
7017474,2025-09-27T03:00:00,5.0,American Athletic,American Athletic,7.25,2025-09-02,13:00,model,3.0,
6877778,2025-09-27T03:00:00,5.0,Big Ten,Big Ten,98.53,2025-09-25,00:00,model,45.0,
6879209,2025-09-27T03:00:00,5.0,SEC,SEC,50.25,2025-09-06,12:00,model,49.0,2025-09-06T12:00:01
6879262,2025-09-27T03:00:00,5.0,Big Ten,Big Ten,42.49,2025-09-27,00:00,model,25.0,
6963803,2025-09-27T03:00:00,5.0,ACC,Mountain West,5.99,2025-09-17,16:00,model,5.0,
6887460,2025-09-27T03:00:00,5.0,Sun Belt,Conference USA,5.01,2025-09-12,23:00,model,3.0,
6970904,2025-09-27T03:00:00,5.0,Big 12,Big 12,45.49,2025-09-13,23:00,model,19.0,
6953523,2025-09-27T03:00:00,5.0,ACC,ACC,15.48,2025-08-28,18:00,model,15.0,2025-08-28T18:00:02
7024803,2025-09-27T03:00:00,5.0,Mid-American,Mid-American,3.04,2025-09-11,06:00,model,2.0,
6971151,2025-09-27T03:00:00,5.0,Big 12,Big 12,60.09,2025-09-18,11:00,model,18.0,
6887086,2025-09-27T03:00:00,5.0,Mid-American,Mountain West,27.89,2025-09-27,00:00,model,17.0,
6878923,2025-09-27T03:00:00,5.0,SEC,SEC,243.33,2025-08-28,09:00,model,133.0,
6879001,2025-09-27T03:00:00,5.0,SEC,SEC,126.0,2025-09-02,20:00,model,66.0,
7017328,2025-09-27T03:00:00,5.0,American Athletic,American Athletic,7.25,2025-09-02,13:00,model,6.0,
6867600,2025-09-27T03:00:00,5.0,Big Ten,Big Ten,50.92,2025-09-07,18:00,model,14.0,
6878968,2025-09-27T03:00:00,5.0,SEC,Mid-American,59.43,2025-09-26,03:00,model,41.0,
7001862,2025-09-27T03:00:00,5.0,Mountain West,Mountain West,17.01,2025-08-29,15:00,model,17.0,2025-09-01T12:00:03
6877717,2025-09-27T03:00:00,5.0,Big Ten,Big Ten,78.12,2025-08-28,16:00,model,19.0,
6878722,2025-09-27T03:00:00,5.0,SEC,SEC,108.57,2025-09-01,12:00,model,33.0,
6887167,2025-09-27T03:00:00,5.0,Mountain West,Conference USA,31.65,2025-09-26,00:00,model,31.0,
6798072,2025-09-27T11:00:00,5.0,SEC,FBS Independents,151.11,2025-09-06,03:00,model,49.0,
6879082,2025-09-27T11:00:00,5.0,SEC,Mountain West,88.19,2025-09-05,23:00,model,8.0,2025-09-13T10:23:17
7017348,2025-09-27T15:00:00,5.0,American Athletic,American Athletic,23.97,2025-09-02,21:00,model,10.0,
6867613,2025-09-27T15:00:00,5.0,Mid-American,Big South-OVC,22.92,2025-09-27,09:00,model,18.0,
6867516,2025-09-27T17:00:00,5.0,Mountain West,Pac-12,23.06,2025-09-27,14:00,model,24.0,2025-09-01T00:00:00
6887097,2025-09-27T18:00:00,5.0,Mid-American,CAA,16.06,2025-08-28,19:00,model,14.0,
6976402,2025-09-27T18:00:00,5.0,Conference USA,Conference USA,20.76,2025-09-26,19:00,model,12.0,
6976479,2025-09-27T18:00:00,5.0,Conference USA,Conference USA,25.46,2025-09-26,14:00,model,12.0,
6976350,2025-09-27T19:00:00,5.0,Conference USA,Conference USA,16.58,2025-09-27,10:00,model,11.0,
6878856,2025-09-27T19:00:00,5.0,SEC,SEC,463.96,2025-09-12,01:00,model,337.0,
6877509,2025-09-27T19:00:00,5.0,Big Ten,Big Ten,410.63,2025-09-01,10:00,model,370.0,
6970995,2025-09-27T20:00:00,5.0,Big 12,Big 12,42.18,2025-09-14,15:00,model,46.0,
6976495,2025-10-02T19:00:00,6.0,Conference USA,Conference USA,23.93,2025-09-13,12:00,model,23.0,
7001697,2025-10-03T19:00:00,6.0,Mountain West,Mountain West,17.11,2025-10-03,13:00,model,5.0,
7017492,2025-10-03T19:00:00,6.0,Big 12,Big 12,63.4,2025-09-14,10:00,model,13.0,2025-09-07T00:00:03
7001838,2025-10-03T19:00:00,6.0,Mountain West,Mountain West,54.34,2025-10-02,23:00,model,43.0,2025-09-01T00:00:00
6976376,2025-10-03T19:00:00,6.0,Conference USA,Conference USA,17.61,2025-09-06,00:00,model,26.0,
6970935,2025-10-03T20:00:00,6.0,Big 12,Big 12,63.77,2025-09-14,11:00,model,72.0,
6953561,2025-10-04T03:00:00,6.0,ACC,ACC,112.48,2025-09-14,17:00,model,72.0,
7016390,2025-10-04T03:00:00,6.0,Sun Belt,Sun Belt,32.0,2025-10-04,02:00,model,26.0,
6877797,2025-10-04T03:00:00,6.0,Big Ten,Big Ten,70.32,2025-09-27,15:00,model,49.0,
6956917,2025-10-04T03:00:00,6.0,ACC,ACC,6.02,2025-09-09,23:00,model,5.0,
6971122,2025-10-04T03:00:00,6.0,Big 12,Big 12,53.0,2025-09-19,09:00,model,51.0,2025-08-27T14:44:49
6877879,2025-10-04T03:00:00,6.0,Big Ten,Big Ten,52.18,2025-09-27,21:00,model,35.0,
7024667,2025-10-04T03:00:00,6.0,Mid-American,Mid-American,20.69,2025-09-20,07:00,model,15.0,
7017481,2025-10-04T03:00:00,6.0,American Athletic,American Athletic,27.42,2025-10-03,06:00,model,13.0,
6957001,2025-10-04T03:00:00,6.0,ACC,ACC,6.38,2025-09-14,15:00,model,4.0,
6886538,2025-10-04T03:00:00,6.0,ACC,CAA,101.21,2025-09-10,00:00,model,36.0,
6970838,2025-10-04T03:00:00,6.0,Big 12,Big 12,15.23,2025-09-20,20:00,model,12.0,
6878549,2025-10-04T03:00:00,6.0,SEC,SEC,102.12,2025-09-06,23:00,model,60.0,
6270459,2025-10-04T03:00:00,6.0,American Athletic,Mountain West,83.45,2025-09-04,11:00,model,89.0,
6970919,2025-10-04T03:00:00,6.0,Big 12,Big 12,35.46,2025-09-26,10:00,model,7.0,
7024701,2025-10-04T03:00:00,6.0,Mid-American,Mid-American,21.42,2025-10-03,11:00,model,12.0,
6879318,2025-10-04T03:00:00,6.0,Big Ten,Big Ten,122.47,2025-10-02,09:00,model,87.0,
6970950,2025-10-04T03:00:00,6.0,Big 12,Big 12,10.23,2025-09-05,18:00,model,10.0,2025-09-05T10:43:36
6957158,2025-10-04T03:00:00,6.0,ACC,ACC,30.69,2025-09-22,23:00,model,24.0,
7016156,2025-10-04T03:00:00,6.0,Sun Belt,Sun Belt,17.29,2025-09-30,23:00,model,16.0,
6970973,2025-10-04T03:00:00,6.0,Big 12,Big 12,59.58,2025-10-03,18:00,model,56.0,2025-09-06T00:00:01
6862872,2025-10-04T03:00:00,6.0,Sun Belt,Pac-12,133.45,2025-10-03,23:00,model,86.0,
6877781,2025-10-04T03:00:00,6.0,Big Ten,Sun Belt,69.89,2025-10-04,02:00,model,50.0,
6953571,2025-10-04T03:00:00,6.0,ACC,ACC,25.36,2025-09-06,15:00,model,23.0,
6878490,2025-10-04T03:00:00,6.0,SEC,SEC,218.91,2025-10-04,02:00,model,76.0,
7017374,2025-10-04T03:00:00,6.0,American Athletic,American Athletic,10.99,2025-09-06,00:00,model,11.0,
7024760,2025-10-04T03:00:00,6.0,Mid-American,Mid-American,27.97,2025-09-10,19:00,model,17.0,
6879006,2025-10-04T03:00:00,6.0,SEC,SEC,117.2,2025-09-11,15:00,model,78.0,
6970955,2025-10-04T03:00:00,6.0,Big 12,Big 12,83.04,2025-09-10,11:00,model,50.0,
6879873,2025-10-04T03:00:00,6.0,Big Ten,Big Ten,98.53,2025-09-12,18:00,model,30.0,
6956866,2025-10-04T03:00:00,6.0,ACC,ACC,35.57,2025-09-23,09:00,model,24.0,
6877387,2025-10-04T03:00:00,6.0,Big Ten,Big Ten,12.68,2025-09-20,10:00,model,12.0,2025-09-13T10:23:17
7017337,2025-10-04T03:00:00,6.0,American Athletic,American Athletic,13.39,2025-09-13,13:00,model,11.0,
7017396,2025-10-04T03:00:00,6.0,American Athletic,American Athletic,5.07,2025-09-13,10:00,model,4.0,
7024792,2025-10-04T03:00:00,6.0,Mid-American,Mid-American,26.5,2025-10-02,20:00,model,15.0,
7015970,2025-10-04T03:00:00,6.0,Sun Belt,Sun Belt,22.13,2025-09-05,11:00,model,22.0,2025-09-13T10:23:17
6953559,2025-10-04T03:00:00,6.0,ACC,ACC,302.59,2025-10-01,21:00,model,136.0,2025-08-29T00:00:00
6865055,2025-10-04T03:00:00,6.0,SEC,Mid-American,52.31,2025-09-04,16:00,model,19.0,2025-09-01T00:00:00
6879224,2025-10-04T03:00:00,6.0,Big Ten,Big Ten,50.77,2025-09-14,18:00,model,6.0,2025-08-27T14:44:49
6886642,2025-10-04T12:00:00,6.0,American Athletic,Mountain West,83.45,2025-09-05,11:00,model,55.0,
6878859,2025-10-04T12:00:00,6.0,SEC,SEC,148.03,2025-09-11,00:00,model,52.0,
7024681,2025-10-04T12:00:00,6.0,Mid-American,Mid-American,19.48,2025-09-09,13:00,model,12.0,
6867277,2025-10-04T15:00:00,6.0,FBS Independents,Mountain West,51.33,2025-10-04,14:00,model,47.0,
6849310,2025-10-04T15:00:00,6.0,FBS Independents,Conference USA,11.6,2025-09-06,17:00,model,10.0,2025-08-28T18:00:02
7001679,2025-10-04T17:00:00,6.0,Mountain West,Mountain West,33.27,2025-10-04,16:00,model,36.0,2025-09-05T10:43:36
7016263,2025-10-04T18:00:00,6.0,Sun Belt,Sun Belt,13.0,2025-09-10,07:00,model,13.0,2025-09-13T10:23:17
7001637,2025-10-04T19:00:00,6.0,Mountain West,Mountain West,20.85,2025-09-10,00:00,model,15.0,2025-08-28T06:00:03
6976458,2025-10-08T18:00:00,7.0,Conference USA,Conference USA,15.21,2025-09-09,11:00,model,6.0,
6976355,2025-10-08T18:00:00,7.0,Conference USA,Conference USA,17.7,2025-10-08,09:00,model,10.0,
7016280,2025-10-09T03:00:00,7.0,Sun Belt,Sun Belt,17.51,2025-10-05,23:00,model,5.0,
7017461,2025-10-09T19:00:00,7.0,American Athletic,American Athletic,5.57,2025-09-09,20:00,model,2.0,
6976342,2025-10-09T19:00:00,7.0,Conference USA,Conference USA,17.84,2025-09-14,13:00,model,13.0,
6976403,2025-10-09T19:00:00,7.0,Conference USA,Conference USA,18.49,2025-10-08,19:00,model,5.0,
6877395,2025-10-10T18:00:00,7.0,Big Ten,Big Ten,11.65,2025-09-10,23:00,model,7.0,
7017362,2025-10-10T18:00:00,7.0,American Athletic,American Athletic,22.5,2025-09-16,00:00,model,22.0,2025-09-09T00:00:00
7001689,2025-10-10T19:00:00,7.0,Mountain West,Mountain West,25.25,2025-10-10,14:00,model,19.0,
6970909,2025-10-11T03:00:00,7.0,Big 12,Big 12,45.49,2025-09-27,23:00,model,34.0,
6877474,2025-10-11T03:00:00,7.0,Big Ten,Big Ten,68.59,2025-09-11,03:00,model,48.0,
6956913,2025-10-11T03:00:00,7.0,ACC,ACC,23.44,2025-09-11,19:00,model,21.0,
6878826,2025-10-11T03:00:00,7.0,SEC,SEC,225.32,2025-09-14,10:00,model,172.0,
7024740,2025-10-11T03:00:00,7.0,Mid-American,Mid-American,18.29,2025-09-27,10:00,model,10.0,
6970997,2025-10-11T03:00:00,7.0,Big 12,Big 12,47.06,2025-10-02,07:00,model,47.0,2025-09-01T00:00:00
7016160,2025-10-11T03:00:00,7.0,Sun Belt,Sun Belt,17.51,2025-10-07,23:00,model,6.0,
7017507,2025-10-11T03:00:00,7.0,American Athletic,American Athletic,21.86,2025-09-11,21:00,model,14.0,
6879007,2025-10-11T03:00:00,7.0,SEC,SEC,198.22,2025-09-11,13:00,model,99.0,
7024751,2025-10-11T03:00:00,7.0,Mid-American,Mid-American,12.94,2025-09-15,11:00,model,12.0,
7016265,2025-10-11T03:00:00,7.0,Sun Belt,Sun Belt,17.33,2025-10-10,18:00,model,6.0,
6956859,2025-10-11T03:00:00,7.0,ACC,ACC,14.94,2025-09-11,21:00,model,29.0,
7024692,2025-10-11T03:00:00,7.0,Mid-American,Mid-American,39.05,2025-10-11,02:00,model,33.0,
6877535,2025-10-11T03:00:00,7.0,Big Ten,Big Ten,46.44,2025-10-04,21:00,model,7.0,
6877464,2025-10-11T03:00:00,7.0,Big Ten,Big Ten,87.65,2025-09-11,04:00,model,24.0,
6970977,2025-10-11T03:00:00,7.0,Big 12,Big 12,33.05,2025-09-19,10:00,model,18.0,
7016407,2025-10-11T03:00:00,7.0,Sun Belt,Sun Belt,19.57,2025-10-02,02:00,model,12.0,
6956908,2025-10-11T03:00:00,7.0,ACC,ACC,60.69,2025-10-10,11:00,model,7.0,
7017329,2025-10-11T03:00:00,7.0,American Athletic,American Athletic,5.34,2025-09-11,13:00,model,10.0,
7017397,2025-10-11T03:00:00,7.0,American Athletic,American Athletic,21.86,2025-09-11,21:00,model,15.0,
6971126,2025-10-11T03:00:00,7.0,Big 12,Big 12,51.72,2025-09-27,23:00,model,50.0,
7016306,2025-10-11T03:00:00,7.0,Sun Belt,Sun Belt,83.84,2025-09-11,07:00,model,23.0,
6879264,2025-10-11T03:00:00,7.0,Big Ten,Big Ten,45.3,2025-10-10,15:00,model,37.0,
6957014,2025-10-11T03:00:00,7.0,Big 12,Big 12,40.93,2025-10-02,07:00,model,4.0,
6879351,2025-10-11T03:00:00,7.0,Big Ten,Big Ten,202.05,2025-10-10,23:00,model,76.0,
7016315,2025-10-11T03:00:00,7.0,Sun Belt,Sun Belt,16.86,2025-10-09,12:00,model,11.0,
7024670,2025-10-11T03:00:00,7.0,Mid-American,Mid-American,19.6,2025-09-27,14:00,model,5.0,
6877388,2025-10-11T03:00:00,7.0,Big Ten,Big Ten,32.69,2025-09-16,10:00,model,10.0,
6970934,2025-10-11T03:00:00,7.0,Big 12,Big 12,40.93,2025-10-02,07:00,model,6.0,
6970841,2025-10-11T03:00:00,7.0,Big 12,Big 12,60.92,2025-09-28,08:00,model,35.0,
6878884,2025-10-11T03:00:00,7.0,SEC,SEC,147.19,2025-09-20,22:00,model,28.0,
6877379,2025-10-11T03:00:00,7.0,Big Ten,Big Ten,76.99,2025-10-10,23:00,model,17.0,
6971000,2025-10-11T03:00:00,7.0,Big 12,Big 12,43.23,2025-09-27,23:00,model,81.0,
7024843,2025-10-11T03:00:00,7.0,Mid-American,Mid-American,18.29,2025-09-27,10:00,model,19.0,
7001661,2025-10-11T03:00:00,7.0,Mountain West,Mountain West,156.98,2025-09-14,10:00,model,44.0,
6878674,2025-10-11T03:00:00,7.0,SEC,SEC,153.17,2025-09-20,22:00,model,142.0,
6878969,2025-10-11T03:00:00,7.0,SEC,SEC,192.5,2025-10-10,21:00,model,130.0,
6849981,2025-10-11T11:00:00,7.0,SEC,Pac-12,34.84,2025-10-11,08:00,model,8.0,
6885526,2025-10-11T12:00:00,7.0,Big Ten,Big Ten,69.04,2025-10-11,09:00,model,47.0,
6861921,2025-10-11T12:00:00,7.0,Pac-12,ACC,16.27,2025-09-12,23:00,model,5.0,
7001867,2025-10-11T12:00:00,7.0,Mountain West,Mountain West,26.39,2025-09-11,12:00,model,18.0,2025-09-05T12:00:01
7017183,2025-10-11T12:00:00,7.0,Sun Belt,Sun Belt,17.33,2025-10-10,18:00,model,66.0,2025-08-30T12:00:03
6880440,2025-10-11T14:00:00,7.0,SEC,SEC,530.42,2025-09-23,04:00,model,84.0,
6959977,2025-10-11T15:00:00,7.0,FBS Independents,ACC,48.97,2025-10-03,20:00,model,16.0,
7001683,2025-10-11T17:00:00,7.0,Mountain West,Mountain West,30.93,2025-10-11,16:00,model,12.0,
7001891,2025-10-11T18:00:00,7.0,Mountain West,Mountain West,30.34,2025-10-11,11:00,model,26.0,
7001601,2025-10-11T19:00:00,7.0,Mountain West,Mountain West,20.97,2025-09-20,23:00,model,11.0,2025-08-29T00:00:00
7016328,2025-10-14T18:00:00,8.0,Sun Belt,Sun Belt,17.24,2025-09-14,19:00,model,7.0,
6976296,2025-10-14T19:00:00,8.0,Conference USA,Conference USA,21.62,2025-09-15,19:00,model,11.0,
6976391,2025-10-14T19:00:00,8.0,Conference USA,Conference USA,10.91,2025-10-06,22:00,model,6.0,
6976449,2025-10-15T18:00:00,8.0,Conference USA,Conference USA,30.76,2025-10-11,03:00,model,32.0,2025-09-13T10:23:17
6976344,2025-10-15T18:00:00,8.0,Conference USA,Conference USA,17.77,2025-10-15,09:00,model,13.0,
7017320,2025-10-16T19:00:00,8.0,American Athletic,American Athletic,14.15,2025-09-26,15:00,model,5.0,
7001765,2025-10-17T19:00:00,8.0,Mountain West,Mountain West,40.15,2025-10-17,11:00,model,28.0,
6956918,2025-10-17T19:00:00,8.0,ACC,ACC,27.25,2025-10-02,03:00,model,18.0,2025-08-31T00:00:00
6956867,2025-10-17T19:00:00,8.0,ACC,ACC,35.81,2025-10-06,13:00,model,37.0,
6879266,2025-10-17T19:00:00,8.0,Big Ten,Big Ten,133.86,2025-10-07,14:00,model,103.0,
7016285,2025-10-18T03:00:00,8.0,Sun Belt,Sun Belt,21.9,2025-10-14,23:00,model,23.0,
7017366,2025-10-18T03:00:00,8.0,American Athletic,American Athletic,21.75,2025-09-22,01:00,model,17.0,2025-09-09T00:00:00
6878491,2025-10-18T03:00:00,8.0,SEC,SEC,78.14,2025-09-23,08:00,model,56.0,
6878723,2025-10-18T03:00:00,8.0,SEC,SEC,41.73,2025-10-18,01:00,model,68.0,
7024816,2025-10-18T03:00:00,8.0,Mid-American,Mid-American,4.16,2025-10-02,09:00,model,2.0,
6879145,2025-10-18T03:00:00,8.0,Big Ten,Big Ten,82.98,2025-09-18,13:00,model,76.0,2025-09-14T09:47:06
7024762,2025-10-18T03:00:00,8.0,Mid-American,Mid-American,34.81,2025-10-18,02:00,model,32.0,
6970937,2025-10-18T03:00:00,8.0,Big 12,Big 12,81.56,2025-10-09,13:00,model,81.0,
6878907,2025-10-18T03:00:00,8.0,SEC,SEC,144.39,2025-09-27,22:00,model,67.0,
7016303,2025-10-18T03:00:00,8.0,Sun Belt,Sun Belt,21.09,2025-10-01,05:00,model,19.0,
6879087,2025-10-18T03:00:00,8.0,SEC,SEC,199.24,2025-10-18,00:00,model,151.0,2025-09-10T00:00:00
6878865,2025-10-18T03:00:00,8.0,SEC,SEC,232.53,2025-09-18,04:00,model,188.0,2025-08-30T00:00:00
6879889,2025-10-18T03:00:00,8.0,Big Ten,Big Ten,24.73,2025-10-02,23:00,model,10.0,
6879254,2025-10-18T03:00:00,8.0,Big Ten,Big Ten,67.56,2025-09-28,21:00,model,41.0,
6879339,2025-10-18T03:00:00,8.0,Big Ten,Big Ten,99.36,2025-09-28,18:00,model,64.0,
6957153,2025-10-18T03:00:00,8.0,ACC,ACC,14.5,2025-09-18,04:00,model,6.0,
6877380,2025-10-18T03:00:00,8.0,Big Ten,Big Ten,126.34,2025-09-28,21:00,model,46.0,
7024684,2025-10-18T03:00:00,8.0,Mid-American,Mid-American,29.8,2025-10-13,16:00,model,19.0,
6877786,2025-10-18T03:00:00,8.0,Big Ten,Big Ten,110.17,2025-10-16,00:00,model,115.0,
7001663,2025-10-18T03:00:00,8.0,Mountain West,Mountain West,74.37,2025-09-20,13:00,model,68.0,
6958500,2025-10-18T03:00:00,8.0,ACC,FBS Independents,11.04,2025-10-10,06:00,model,4.0,
7016213,2025-10-18T03:00:00,8.0,Sun Belt,Sun Belt,60.77,2025-09-19,10:00,model,96.0,2025-08-30T12:00:03
7017463,2025-10-18T03:00:00,8.0,American Athletic,American Athletic,20.74,2025-10-18,02:00,model,8.0,
6878809,2025-10-18T03:00:00,8.0,SEC,SEC,167.96,2025-09-20,23:00,model,63.0,
7017494,2025-10-18T03:00:00,8.0,American Athletic,American Athletic,18.63,2025-09-27,00:00,model,17.0,2025-08-28T18:00:02
6878828,2025-10-18T03:00:00,8.0,SEC,SEC,50.78,2025-10-18,02:00,model,58.0,2025-08-29T00:00:00
7017483,2025-10-18T03:00:00,8.0,American Athletic,American Athletic,22.04,2025-10-17,06:00,model,14.0,
6971129,2025-10-18T03:00:00,8.0,Big 12,Big 12,20.55,2025-10-01,06:00,model,20.0,2025-09-07T00:00:03
6956888,2025-10-18T03:00:00,8.0,ACC,ACC,43.94,2025-10-11,21:00,model,31.0,
7017192,2025-10-18T03:00:00,8.0,SEC,SEC,41.73,2025-10-18,01:00,model,2.0,
7024770,2025-10-18T03:00:00,8.0,Mid-American,Mid-American,26.51,2025-10-04,10:00,model,27.0,
6970961,2025-10-18T03:00:00,8.0,Big 12,Big 12,82.5,2025-09-26,00:00,model,72.0,
7016286,2025-10-18T03:00:00,8.0,Sun Belt,Sun Belt,29.88,2025-10-17,06:00,model,37.0,
7001914,2025-10-18T03:00:00,8.0,Mountain West,Mountain West,21.28,2025-09-24,00:00,model,22.0,2025-09-13T10:23:17
6970857,2025-10-18T03:00:00,8.0,Big 12,Big 12,59.7,2025-09-18,03:00,model,34.0,
6970940,2025-10-18T03:00:00,8.0,Big 12,Big 12,247.17,2025-10-17,23:00,model,217.0,2025-08-30T00:00:00
6879326,2025-10-18T03:00:00,8.0,Big Ten,Big Ten,97.32,2025-10-16,15:00,model,90.0,
7016308,2025-10-18T03:00:00,8.0,Sun Belt,Sun Belt,105.06,2025-09-27,18:00,model,68.0,
6956889,2025-10-18T03:00:00,8.0,ACC,ACC,21.47,2025-09-18,09:00,model,19.0,
7024827,2025-10-18T03:00:00,8.0,Mid-American,Mid-American,23.9,2025-10-16,23:00,model,23.0,
7016318,2025-10-18T03:00:00,8.0,Sun Belt,Sun Belt,21.1,2025-10-16,08:00,model,10.0,
7024695,2025-10-18T03:00:00,8.0,Mid-American,Mid-American,4.16,2025-10-02,09:00,model,11.0,
6970953,2025-10-18T03:00:00,8.0,Big 12,Big 12,37.12,2025-09-19,10:00,model,23.0,
6878550,2025-10-18T03:00:00,8.0,SEC,SEC,237.06,2025-09-20,02:00,model,198.0,
7001691,2025-10-18T03:00:00,8.0,Sun Belt,Sun Belt,21.1,2025-10-16,08:00,model,35.0,
7001863,2025-10-18T13:00:00,8.0,Mountain West,Mountain West,21.04,2025-09-24,00:00,model,20.0,
6863608,2025-10-18T18:00:00,8.0,ACC,Pac-12,26.43,2025-10-18,16:00,model,24.0,2025-08-28T06:00:03
6957148,2025-10-18T19:00:00,8.0,SEC,SEC,151.9,2025-10-11,11:00,model,28.0,2025-08-27T14:44:49
6890272,2025-10-18T19:00:00,8.0,FBS Independents,Big Ten,108.33,2025-10-18,12:00,model,45.0,2025-09-09T12:00:03
6976306,2025-10-21T18:00:00,9.0,Conference USA,Conference USA,17.73,2025-09-21,20:00,model,19.0,2025-09-09T00:00:00
6976290,2025-10-21T19:00:00,9.0,Conference USA,Conference USA,13.37,2025-09-22,03:00,model,12.0,2025-09-13T10:23:17
6976380,2025-10-22T19:00:00,9.0,Conference USA,Conference USA,17.08,2025-09-25,00:00,model,12.0,
6976496,2025-10-22T19:00:00,9.0,Conference USA,Conference USA,25.2,2025-10-15,23:00,model,17.0,
7016207,2025-10-23T19:00:00,9.0,Sun Belt,Sun Belt,10.0,2025-10-23,18:00,model,7.0,
7001604,2025-10-24T19:00:00,9.0,Mountain West,Mountain West,21.02,2025-10-03,11:00,model,4.0,
6957155,2025-10-24T19:00:00,9.0,ACC,ACC,22.89,2025-10-10,18:00,model,8.0,
7017193,2025-10-24T19:00:00,9.0,ACC,ACC,22.89,2025-10-10,18:00,model,4.0,
7024782,2025-10-25T03:00:00,9.0,Mid-American,Mid-American,30.86,2025-10-21,10:00,model,37.0,2025-08-28T06:00:03
6971128,2025-10-25T03:00:00,9.0,Big 12,Big 12,162.54,2025-10-11,23:00,model,210.0,
7024794,2025-10-25T03:00:00,9.0,Mid-American,Mid-American,35.07,2025-10-25,02:00,model,18.0,
6956978,2025-10-25T03:00:00,9.0,ACC,ACC,79.9,2025-10-07,00:00,model,56.0,
6957003,2025-10-25T03:00:00,9.0,ACC,ACC,6.48,2025-10-05,15:00,model,6.0,
6879151,2025-10-25T03:00:00,9.0,Big Ten,Big Ten,72.16,2025-09-27,10:00,model,68.0,2025-09-14T09:47:06
7024743,2025-10-25T03:00:00,9.0,Mid-American,Mid-American,30.86,2025-10-21,10:00,model,12.0,
6956912,2025-10-25T03:00:00,9.0,ACC,ACC,39.23,2025-09-26,05:00,model,26.0,2025-09-05T10:43:36
7024754,2025-10-25T03:00:00,9.0,Mid-American,Mid-American,17.06,2025-10-11,05:00,model,11.0,
6877881,2025-10-25T03:00:00,9.0,Big Ten,Big Ten,42.81,2025-10-18,21:00,model,43.0,2025-08-28T06:00:03
7016401,2025-10-25T03:00:00,9.0,Sun Belt,Sun Belt,6.0,2025-10-18,13:00,model,2.0,
6885529,2025-10-25T03:00:00,9.0,Big Ten,Big Ten,178.23,2025-10-24,23:00,model,106.0,
6879341,2025-10-25T03:00:00,9.0,Big Ten,Big Ten,118.81,2025-10-17,13:00,model,74.0,
7024733,2025-10-25T03:00:00,9.0,Mid-American,Mid-American,28.95,2025-10-16,08:00,model,24.0,
6878724,2025-10-25T03:00:00,9.0,SEC,SEC,257.47,2025-10-25,00:00,model,218.0,
7017340,2025-10-25T03:00:00,9.0,American Athletic,American Athletic,15.11,2025-10-05,05:00,model,11.0,2025-08-28T18:00:02
6956914,2025-10-25T03:00:00,9.0,ACC,ACC,7.46,2025-09-30,15:00,model,6.0,
7001639,2025-10-25T03:00:00,9.0,Mountain West,Mountain West,21.44,2025-10-01,00:00,model,19.0,2025-09-10T00:00:00
6971156,2025-10-25T03:00:00,9.0,Big 12,Big 12,66.79,2025-10-16,09:00,model,46.0,
7015972,2025-10-25T03:00:00,9.0,Sun Belt,Sun Belt,14.91,2025-09-26,11:00,model,17.0,2025-09-13T10:23:17
6970862,2025-10-25T03:00:00,9.0,Big 12,Big 12,41.43,2025-10-11,16:00,model,32.0,
6877397,2025-10-25T03:00:00,9.0,Big Ten,Big Ten,45.5,2025-10-05,18:00,model,22.0,2025-08-31T00:00:00
6957169,2025-10-25T03:00:00,9.0,ACC,ACC,18.65,2025-09-26,11:00,model,18.0,2025-09-10T00:00:00
7016393,2025-10-25T03:00:00,9.0,Sun Belt,Sun Belt,33.12,2025-10-24,23:00,model,23.0,
6878885,2025-10-25T03:00:00,9.0,SEC,SEC,125.37,2025-10-20,23:00,model,114.0,
6877465,2025-10-25T03:00:00,9.0,Big Ten,Big Ten,94.6,2025-10-24,11:00,model,139.0,
7024703,2025-10-25T03:00:00,9.0,Mid-American,Mid-American,24.04,2025-10-24,09:00,model,25.0,
6970864,2025-10-25T03:00:00,9.0,Big 12,Big 12,163.71,2025-10-24,23:00,model,140.0,
6878810,2025-10-25T03:00:00,9.0,SEC,SEC,28.34,2025-10-24,00:00,model,31.0,2025-09-01T12:00:03
6879118,2025-10-25T03:00:00,9.0,SEC,SEC,140.62,2025-09-25,03:00,model,73.0,2025-09-01T00:00:00
6886667,2025-10-25T03:00:00,9.0,American Athletic,FBS Independents,21.48,2025-09-27,00:00,model,6.0,
6956944,2025-10-25T03:00:00,9.0,Sun Belt,Sun Belt,14.91,2025-09-26,11:00,model,9.0,2025-08-30T00:00:00
6879213,2025-10-25T03:00:00,9.0,SEC,SEC,62.28,2025-10-05,18:00,model,40.0,
6970980,2025-10-25T03:00:00,9.0,Big 12,Big 12,46.15,2025-09-27,21:00,model,37.0,
7017477,2025-10-25T03:00:00,9.0,American Athletic,American Athletic,19.11,2025-10-11,10:00,model,10.0,
6971004,2025-10-25T03:00:00,9.0,Big 12,Big 12,95.11,2025-10-16,13:00,model,138.0,2025-08-31T00:00:00
6879089,2025-10-25T03:00:00,9.0,SEC,SEC,153.17,2025-10-24,14:00,model,54.0,2025-09-13T10:23:17
7001917,2025-10-25T03:00:00,9.0,Mountain West,Mountain West,20.25,2025-10-01,00:00,model,20.0,2025-09-13T10:23:17
6878908,2025-10-25T03:00:00,9.0,SEC,SEC,142.88,2025-10-04,22:00,model,78.0,
6970828,2025-10-25T03:00:00,9.0,Big 12,Big 12,61.4,2025-10-16,07:00,model,69.0,
7016267,2025-10-25T03:00:00,9.0,Sun Belt,Sun Belt,15.26,2025-09-30,00:00,model,18.0,
6861930,2025-10-25T12:00:00,9.0,Pac-12,Mid-American,37.86,2025-10-25,01:00,model,34.0,2025-08-30T00:00:00
6879226,2025-10-25T12:00:00,9.0,Big Ten,Big Ten,10.68,2025-09-26,11:00,model,5.0,2025-09-06T00:00:01
7017349,2025-10-25T15:00:00,9.0,American Athletic,American Athletic,42.13,2025-10-25,00:00,model,37.0,
7001685,2025-10-25T17:00:00,9.0,Big 12,Big 12,161.36,2025-10-12,13:00,model,71.0,
7278587,2025-10-25T18:00:00,9.0,Big 12,Big 12,43.47,2025-10-12,23:00,model,,
7016410,2025-10-28T18:00:00,10.0,Sun Belt,Sun Belt,16.25,2025-10-28,17:00,model,13.0,
6976407,2025-10-28T19:00:00,10.0,Conference USA,Conference USA,18.35,2025-10-27,13:00,model,19.0,2025-09-13T10:23:17
6976462,2025-10-29T18:00:00,10.0,Conference USA,Conference USA,17.4,2025-09-30,10:00,model,16.0,
6976484,2025-10-29T19:00:00,10.0,Conference USA,Conference USA,23.68,2025-10-28,14:00,model,23.0,
7017548,2025-10-30T18:00:00,10.0,American Athletic,American Athletic,22.47,2025-10-20,14:00,model,18.0,
7016270,2025-10-30T19:00:00,10.0,Sun Belt,Sun Belt,18.45,2025-10-30,18:00,model,18.0,
7017375,2025-10-31T03:00:00,10.0,American Athletic,American Athletic,22.6,2025-10-03,00:00,model,30.0,
6957152,2025-10-31T19:00:00,10.0,ACC,ACC,20.6,2025-10-01,20:00,model,4.0,
6976308,2025-10-31T19:00:00,10.0,Conference USA,Conference USA,20.44,2025-10-01,21:00,model,20.0,
7016307,2025-11-01T03:00:00,10.0,Sun Belt,Sun Belt,21.06,2025-10-15,05:00,model,17.0,
6970912,2025-11-01T03:00:00,10.0,Big 12,Big 12,79.27,2025-10-18,23:00,model,52.0,
6804361,2025-11-01T03:00:00,10.0,SEC,SEC,179.97,2025-10-02,05:00,model,122.0,
7015989,2025-11-01T03:00:00,10.0,Sun Belt,Sun Belt,14.96,2025-10-03,11:00,model,17.0,2025-09-13T10:23:17
6971007,2025-11-01T03:00:00,10.0,Big 12,Big 12,79.53,2025-10-18,23:00,model,74.0,
6956869,2025-11-01T03:00:00,10.0,ACC,ACC,32.52,2025-10-21,05:00,model,26.0,
6877733,2025-11-01T03:00:00,10.0,Big Ten,Big Ten,76.73,2025-10-25,21:00,model,95.0,
6879268,2025-11-01T03:00:00,10.0,Big Ten,Big Ten,52.04,2025-10-31,12:00,model,52.0,
6879353,2025-11-01T03:00:00,10.0,Big Ten,Big Ten,43.93,2025-10-31,11:00,model,23.0,2025-08-29T00:00:00
7024697,2025-11-01T03:00:00,10.0,Mid-American,Mid-American,5.26,2025-10-16,12:00,model,13.0,
6970921,2025-11-01T03:00:00,10.0,Big 12,Big 12,35.46,2025-10-24,10:00,model,22.0,
6877799,2025-11-01T03:00:00,10.0,Big Ten,Big Ten,292.89,2025-10-31,00:00,model,222.0,
6877390,2025-11-01T03:00:00,10.0,Big Ten,Big Ten,91.87,2025-10-12,21:00,model,12.0,2025-09-14T09:47:06
7001869,2025-11-01T03:00:00,10.0,Mountain West,Mountain West,30.54,2025-10-28,18:00,model,29.0,
7017367,2025-11-01T03:00:00,10.0,American Athletic,American Athletic,41.06,2025-10-31,15:00,model,42.0,
6956967,2025-11-01T03:00:00,10.0,ACC,ACC,38.4,2025-10-03,06:00,model,55.0,
6878675,2025-11-01T03:00:00,10.0,SEC,SEC,275.42,2025-10-02,06:00,model,247.0,2025-08-29T00:00:00
6956882,2025-11-01T03:00:00,10.0,ACC,ACC,44.71,2025-10-25,21:00,model,22.0,
6957156,2025-11-01T03:00:00,10.0,ACC,ACC,26.54,2025-10-20,18:00,model,16.0,
6956910,2025-11-01T03:00:00,10.0,ACC,ACC,67.26,2025-10-17,09:00,model,32.0,2025-08-30T00:00:00
6879328,2025-11-01T03:00:00,10.0,Big Ten,Big Ten,70.57,2025-10-30,15:00,model,65.0,
6970871,2025-11-01T03:00:00,10.0,Big 12,Big 12,72.64,2025-10-02,07:00,model,43.0,
6878812,2025-11-01T03:00:00,10.0,SEC,SEC,28.74,2025-10-29,11:00,model,15.0,
6957012,2025-11-01T03:00:00,10.0,ACC,ACC,113.35,2025-10-31,16:00,model,99.0,2025-08-30T00:00:00
7016330,2025-11-01T03:00:00,10.0,Sun Belt,Sun Belt,34.66,2025-10-04,12:00,model,28.0,
7017400,2025-11-01T03:00:00,10.0,American Athletic,American Athletic,11.07,2025-10-03,00:00,model,5.0,2025-09-10T00:00:00
6957149,2025-11-01T03:00:00,10.0,SEC,SEC,241.66,2025-10-03,06:00,model,4.0,2025-09-09T00:00:00
6971137,2025-11-01T03:00:00,10.0,Big 12,Big 12,28.07,2025-10-06,10:00,model,28.0,2025-09-14T09:47:06
6956862,2025-11-01T03:00:00,10.0,ACC,FBS Independents,12.29,2025-10-24,06:00,model,185.0,2025-09-05T12:00:01
6971136,2025-11-01T03:00:00,10.0,Big 12,Big 12,66.62,2025-10-18,23:00,model,65.0,2025-08-30T00:00:00
6970831,2025-11-01T03:00:00,10.0,Big 12,Big 12,62.34,2025-10-23,07:00,model,68.0,2025-09-05T10:43:36
6878925,2025-11-01T03:00:00,10.0,SEC,SEC,152.04,2025-10-24,11:00,model,89.0,
7024910,2025-11-01T03:00:00,10.0,Mid-American,Mid-American,23.98,2025-10-19,10:00,model,18.0,
7001665,2025-11-01T03:00:00,10.0,Mountain West,Mountain West,64.33,2025-10-04,15:00,model,45.0,
6878829,2025-11-01T03:00:00,10.0,SEC,SEC,47.29,2025-10-31,23:00,model,47.0,2025-09-01T00:00:00
6887102,2025-11-01T10:00:00,10.0,Mountain West,American Athletic,34.44,2025-10-28,20:00,model,41.0,2025-09-10T00:00:00
6878558,2025-11-01T11:00:00,10.0,SEC,SEC,232.03,2025-10-03,11:00,model,131.0,
6849311,2025-11-01T12:00:00,10.0,SEC,SEC,50.37,2025-11-01,05:00,model,11.0,2025-08-30T00:00:00
6976394,2025-11-01T14:00:00,10.0,Conference USA,Conference USA,10.84,2025-10-23,23:00,model,8.0,
6976298,2025-11-01T15:00:00,10.0,Conference USA,Conference USA,38.04,2025-10-07,23:00,model,28.0,
7001841,2025-11-01T16:00:00,10.0,Mountain West,Mountain West,53.07,2025-10-02,18:00,model,37.0,
7001699,2025-11-01T19:00:00,10.0,Mountain West,Mountain West,17.25,2025-11-01,13:00,model,21.0,
7024819,2025-11-04T19:00:00,11.0,Mid-American,Mid-American,3.52,2025-10-19,12:00,model,3.0,
7024673,2025-11-04T19:00:00,11.0,Mid-American,Mid-American,23.71,2025-10-22,08:00,model,8.0,
7024686,2025-11-05T03:00:00,11.0,Mid-American,Mid-American,29.79,2025-10-31,16:00,model,20.0,
7024830,2025-11-05T03:00:00,11.0,Mid-American,Mid-American,28.51,2025-10-19,10:00,model,26.0,
7017496,2025-11-06T03:00:00,11.0,Sun Belt,Sun Belt,45.26,2025-11-05,23:00,model,10.0,2025-08-28T18:00:02
7016217,2025-11-06T03:00:00,11.0,Sun Belt,Sun Belt,45.26,2025-11-05,23:00,model,46.0,
6970957,2025-11-07T03:00:00,11.0,Big 12,Big 12,24.4,2025-10-09,10:00,model,12.0,
6877475,2025-11-07T18:00:00,11.0,Big Ten,Big Ten,32.89,2025-10-24,00:00,model,29.0,
7017341,2025-11-07T20:00:00,11.0,American Athletic,American Athletic,28.05,2025-11-04,02:00,model,19.0,
6877536,2025-11-08T03:00:00,11.0,Big Ten,Big Ten,74.03,2025-11-07,11:00,model,63.0,2025-08-31T00:00:00
7016271,2025-11-08T03:00:00,11.0,Sun Belt,Sun Belt,15.69,2025-10-14,00:00,model,13.0,2025-09-01T00:00:00
6878551,2025-11-08T03:00:00,11.0,SEC,SEC,234.75,2025-11-06,04:00,model,168.0,
6970962,2025-11-08T03:00:00,11.0,Big 12,Big 12,69.86,2025-10-17,00:00,model,63.0,
7016272,2025-11-08T03:00:00,11.0,Sun Belt,Sun Belt,18.68,2025-11-07,18:00,model,15.0,
6956946,2025-11-08T03:00:00,11.0,ACC,ACC,24.93,2025-10-22,18:00,model,22.0,2025-08-31T12:00:01
6879343,2025-11-08T03:00:00,11.0,Big Ten,Big Ten,102.55,2025-10-20,23:00,model,69.0,
6956915,2025-11-08T03:00:00,11.0,ACC,ACC,6.88,2025-10-15,00:00,model,3.0,2025-08-30T00:00:00
6956861,2025-11-08T03:00:00,11.0,ACC,ACC,15.11,2025-10-09,18:00,model,10.0,
6877383,2025-11-08T03:00:00,11.0,Big Ten,Big Ten,23.75,2025-10-16,10:00,model,18.0,
7017378,2025-11-08T03:00:00,11.0,American Athletic,American Athletic,19.83,2025-10-11,00:00,model,24.0,2025-09-07T00:00:03
7016319,2025-11-08T03:00:00,11.0,Sun Belt,Sun Belt,23.11,2025-11-06,10:00,model,20.0,
7017332,2025-11-08T03:00:00,11.0,American Athletic,American Athletic,11.88,2025-10-25,07:00,model,4.0,
6970844,2025-11-08T03:00:00,11.0,Big 12,Big 12,23.83,2025-11-07,06:00,model,16.0,2025-09-08T18:00:00
6879094,2025-11-08T03:00:00,11.0,SEC,SEC,112.04,2025-11-07,18:00,model,106.0,2025-09-07T00:00:03
6879901,2025-11-08T03:00:00,11.0,Big Ten,Big Ten,77.27,2025-11-01,13:00,model,89.0,
6956972,2025-11-08T03:00:00,11.0,Big Ten,Big Ten,81.96,2025-11-08,00:00,model,58.0,
7016292,2025-11-08T03:00:00,11.0,Sun Belt,Sun Belt,30.62,2025-11-07,06:00,model,42.0,2025-09-13T10:23:17
6879229,2025-11-08T03:00:00,11.0,Big Ten,Big Ten,84.42,2025-11-07,23:00,model,56.0,
6956884,2025-11-08T03:00:00,11.0,ACC,ACC,160.58,2025-10-12,12:00,model,89.0,
7001693,2025-11-08T03:00:00,11.0,SEC,Southern,24.75,2025-11-07,19:00,model,29.0,
7001712,2025-11-08T03:00:00,11.0,Mountain West,Mountain West,17.24,2025-11-08,02:00,model,22.0,
6971159,2025-11-08T03:00:00,11.0,Big 12,Big 12,70.34,2025-10-30,18:00,model,56.0,
6879256,2025-11-08T03:00:00,11.0,Big Ten,Big Ten,36.65,2025-11-07,10:00,model,21.0,
6971005,2025-11-08T03:00:00,11.0,Big 12,Big 12,76.74,2025-10-30,13:00,model,75.0,2025-09-01T00:00:00
7017321,2025-11-08T03:00:00,11.0,ACC,ACC,15.1,2025-10-09,18:00,model,22.0,2025-09-13T10:23:17
6878909,2025-11-08T03:00:00,11.0,SEC,SEC,78.22,2025-10-14,11:00,model,78.0,
6878970,2025-11-08T03:00:00,11.0,SEC,SEC,133.32,2025-10-31,14:00,model,116.0,2025-08-31T00:00:00
6957154,2025-11-08T03:00:00,11.0,ACC,ACC,32.58,2025-10-27,18:00,model,28.0,
7024745,2025-11-08T03:00:00,11.0,Mid-American,Mid-American,22.68,2025-10-26,08:00,model,22.0,2025-09-14T09:47:06
6879217,2025-11-08T11:00:00,11.0,SEC,SEC,74.4,2025-11-07,15:00,model,49.0,2025-09-01T06:00:03
7017184,2025-11-08T12:00:00,11.0,American Athletic,American Athletic,48.66,2025-11-04,18:00,model,41.0,2025-08-27T14:44:49
6878926,2025-11-08T12:00:00,11.0,SEC,Southern,24.14,2025-11-08,03:00,model,19.0,
6976300,2025-11-08T13:00:00,11.0,Conference USA,Conference USA,35.92,2025-10-14,23:00,model,26.0,
6976365,2025-11-08T13:00:00,11.0,Conference USA,Conference USA,18.27,2025-11-08,00:00,model,16.0,
6976463,2025-11-08T14:00:00,11.0,Conference USA,Conference USA,17.5,2025-10-10,07:00,model,17.0,
6976499,2025-11-08T14:00:00,11.0,Conference USA,Conference USA,25.18,2025-11-01,23:00,model,30.0,2025-09-13T10:23:17
6849312,2025-11-08T15:00:00,11.0,FBS Independents,ACC,16.38,2025-10-11,23:00,model,21.0,
6976381,2025-11-08T15:00:00,11.0,Conference USA,Conference USA,19.79,2025-10-11,18:00,model,20.0,2025-09-13T10:23:17
7001767,2025-11-08T17:00:00,11.0,Mountain West,Mountain West,37.03,2025-11-08,11:00,model,28.0,
7001892,2025-11-08T18:00:00,11.0,Mountain West,Mountain West,52.89,2025-10-09,20:00,model,34.0,
6861924,2025-11-08T19:00:00,11.0,Pac-12,Conference USA,12.03,2025-10-25,11:00,model,6.0,2025-09-13T10:23:17
6867278,2025-11-08T19:00:00,11.0,FBS Independents,American Athletic,81.03,2025-11-08,12:00,model,56.0,
7024676,2025-11-11T19:00:00,12.0,Mid-American,Mid-American,25.74,2025-10-29,08:00,model,27.0,
7024916,2025-11-11T19:00:00,12.0,Mid-American,Mid-American,20.79,2025-10-29,10:00,model,15.0,
7024788,2025-11-12T19:00:00,12.0,Mid-American,Mid-American,32.65,2025-11-10,10:00,model,30.0,
7024764,2025-11-12T19:00:00,12.0,Mid-American,Mid-American,35.0,2025-11-12,18:00,model,25.0,
7024735,2025-11-12T19:00:00,12.0,Mid-American,Mid-American,28.56,2025-11-03,08:00,model,30.0,2025-09-13T10:23:17
7016395,2025-11-13T19:00:00,12.0,Sun Belt,Sun Belt,28.63,2025-11-13,18:00,model,17.0,
6877468,2025-11-14T18:00:00,12.0,Big Ten,Big Ten,52.5,2025-11-04,23:00,model,39.0,2025-09-13T10:23:17
6956916,2025-11-14T19:00:00,12.0,ACC,ACC,7.24,2025-10-21,00:00,model,45.0,
6956890,2025-11-15T03:00:00,12.0,ACC,ACC,21.18,2025-10-16,15:00,model,18.0,2025-09-13T10:23:17
7016403,2025-11-15T03:00:00,12.0,Sun Belt,Sun Belt,7.6,2025-11-08,23:00,model,7.0,
6878868,2025-11-15T03:00:00,12.0,SEC,SEC,504.8,2025-11-13,09:00,model,139.0,2025-08-28T06:00:03
6971012,2025-11-15T03:00:00,12.0,Big 12,Big 12,50.69,2025-11-06,09:00,model,36.0,2025-08-31T00:00:00
7017487,2025-11-15T03:00:00,12.0,American Athletic,American Athletic,24.99,2025-11-14,06:00,model,20.0,
6877478,2025-11-15T03:00:00,12.0,Big Ten,Big Ten,41.45,2025-10-30,12:00,model,31.0,2025-09-06T12:00:01
7024688,2025-11-15T03:00:00,12.0,Mid-American,Mid-American,29.79,2025-11-10,16:00,model,3.0,
6878886,2025-11-15T03:00:00,12.0,SEC,SEC,75.42,2025-11-14,12:00,model,54.0,2025-09-07T12:00:03
6971637,2025-11-15T03:00:00,12.0,Big 12,Big 12,68.46,2025-11-06,18:00,model,57.0,
6970924,2025-11-15T03:00:00,12.0,Big 12,Big 12,39.75,2025-11-07,09:00,model,23.0,
6956860,2025-11-15T03:00:00,12.0,ACC,ACC,12.73,2025-10-16,18:00,model,5.0,
6956922,2025-11-15T03:00:00,12.0,ACC,ACC,17.94,2025-10-30,04:00,model,17.0,2025-08-30T00:00:00
6877400,2025-11-15T03:00:00,12.0,Big Ten,Big Ten,12.04,2025-10-16,20:00,model,13.0,2025-09-13T10:23:17
7016210,2025-11-15T03:00:00,12.0,Sun Belt,Sun Belt,16.8,2025-11-14,16:00,model,13.0,
6878552,2025-11-15T03:00:00,12.0,SEC,SEC,154.39,2025-10-17,00:00,model,125.0,
6878927,2025-11-15T03:00:00,12.0,SEC,SEC,172.9,2025-10-16,03:00,model,108.0,
6970945,2025-11-15T03:00:00,12.0,Big 12,Big 12,67.94,2025-11-13,23:00,model,65.0,2025-09-01T00:00:00
6885530,2025-11-15T03:00:00,12.0,Big Ten,Big Ten,82.26,2025-11-14,11:00,model,43.0,
6877791,2025-11-15T03:00:00,12.0,Big Ten,Big Ten,155.46,2025-11-08,18:00,model,150.0,2025-09-09T06:00:03
7016313,2025-11-15T03:00:00,12.0,Sun Belt,Sun Belt,80.87,2025-10-16,08:00,model,71.0,
6957000,2025-11-15T03:00:00,12.0,ACC,FBS Independents,153.95,2025-11-05,10:00,model,92.0,
7001641,2025-11-15T03:00:00,12.0,Mountain West,Mountain West,20.59,2025-10-22,00:00,model,17.0,
6879355,2025-11-15T03:00:00,12.0,Big Ten,Big Ten,73.1,2025-10-17,09:00,model,13.0,
7016311,2025-11-15T03:00:00,12.0,Sun Belt,Sun Belt,21.06,2025-10-29,05:00,model,23.0,
7017324,2025-11-15T03:00:00,12.0,American Athletic,American Athletic,23.09,2025-10-29,06:00,model,19.0,
7016287,2025-11-15T03:00:00,12.0,Sun Belt,Sun Belt,16.8,2025-11-14,16:00,model,20.0,
6956909,2025-11-15T03:00:00,12.0,ACC,ACC,69.55,2025-10-31,09:00,model,43.0,2025-08-29T00:00:00
6879010,2025-11-15T03:00:00,12.0,SEC,SEC,107.56,2025-10-25,22:00,model,125.0,
7017465,2025-11-15T03:00:00,12.0,American Athletic,American Athletic,47.69,2025-11-14,04:00,model,56.0,
6877801,2025-11-15T03:00:00,12.0,Big Ten,Big Ten,78.83,2025-10-17,23:00,model,63.0,
6878971,2025-11-15T03:00:00,12.0,SEC,SEC,140.56,2025-11-14,23:00,model,57.0,2025-08-29T00:00:00
7017199,2025-11-15T03:00:00,12.0,ACC,ACC,17.94,2025-10-30,04:00,model,6.0,
6886680,2025-11-15T03:00:00,12.0,American Athletic,Pac-12,19.64,2025-11-14,18:00,model,10.0,
6957167,2025-11-15T03:00:00,12.0,ACC,ACC,28.26,2025-11-11,03:00,model,31.0,
6970982,2025-11-15T03:00:00,12.0,Big 12,Big 12,42.23,2025-10-18,21:00,model,31.0,
6879155,2025-11-15T03:00:00,12.0,Big Ten,Big Ten,71.98,2025-10-18,10:00,model,60.0,2025-08-30T00:00:00
6970867,2025-11-15T03:00:00,12.0,Big 12,Big 12,41.03,2025-11-14,16:00,model,19.0,2025-08-27T14:44:49
7001918,2025-11-15T03:00:00,12.0,Mountain West,Mountain West,20.59,2025-10-22,00:00,model,23.0,2025-09-13T10:23:17
7001606,2025-11-15T12:00:00,12.0,Mountain West,Mountain West,18.33,2025-10-25,06:00,model,11.0,2025-09-10T00:00:00
7017352,2025-11-15T12:00:00,12.0,American Athletic,American Athletic,40.45,2025-11-15,00:00,model,38.0,2025-08-29T00:00:00
6976346,2025-11-15T12:00:00,12.0,Conference USA,Conference USA,19.65,2025-10-18,17:00,model,20.0,2025-09-13T10:23:17
6976136,2025-11-15T12:00:00,12.0,FBS Independents,Mountain West,18.78,2025-11-15,00:00,model,14.0,
6976451,2025-11-15T13:00:00,12.0,Conference USA,Conference USA,30.93,2025-11-11,02:00,model,32.0,2025-09-13T10:23:17
6878911,2025-11-15T13:00:00,12.0,SEC,Big South-OVC,20.61,2025-11-15,00:00,model,14.0,2025-08-27T14:44:49
6976396,2025-11-15T14:00:00,12.0,Conference USA,Conference USA,11.3,2025-11-03,19:00,model,9.0,
6976487,2025-11-15T14:00:00,12.0,Conference USA,Conference USA,24.14,2025-11-14,14:00,model,18.0,
6878676,2025-11-15T16:00:00,12.0,SEC,Conference USA,70.13,2025-11-15,02:00,model,81.0,
7001872,2025-11-15T16:00:00,12.0,Mountain West,Mountain West,30.67,2025-11-12,18:00,model,20.0,2025-09-07T00:00:03
6976292,2025-11-15T17:00:00,12.0,Conference USA,Conference USA,13.73,2025-10-17,03:00,model,12.0,
6861932,2025-11-15T19:00:00,12.0,Pac-12,Conference USA,21.6,2025-10-17,11:00,model,13.0,2025-08-31T00:00:00
7001842,2025-11-15T19:00:00,12.0,Mountain West,Mountain West,67.54,2025-11-15,00:00,model,56.0,
7024796,2025-11-18T18:00:00,13.0,Mid-American,Mid-American,25.87,2025-11-05,10:00,model,23.0,
7024699,2025-11-18T19:00:00,13.0,Mid-American,Mid-American,4.73,2025-11-03,06:00,model,12.0,
7024822,2025-11-18T19:00:00,13.0,Mid-American,Mid-American,4.73,2025-11-03,06:00,model,2.0,
7024756,2025-11-19T19:00:00,13.0,Mid-American,Mid-American,13.7,2025-10-28,03:00,model,12.0,
7024705,2025-11-19T19:00:00,13.0,Mid-American,Mid-American,27.45,2025-11-19,08:00,model,25.0,
7016277,2025-11-20T18:00:00,13.0,Sun Belt,Sun Belt,15.98,2025-10-27,00:00,model,13.0,2025-09-01T00:00:00
7001875,2025-11-21T19:00:00,13.0,Mountain West,Mountain West,41.82,2025-11-18,23:00,model,34.0,2025-08-29T00:00:00
6956966,2025-11-21T20:00:00,13.0,ACC,ACC,69.47,2025-11-10,10:00,model,68.0,2025-08-30T00:00:00
6868686,2025-11-22T03:00:00,13.0,SEC,Sun Belt,34.65,2025-10-25,23:00,model,42.0,2025-09-13T10:23:17
6879345,2025-11-22T03:00:00,13.0,Big Ten,Big Ten,41.47,2025-11-21,18:00,model,28.0,
7017379,2025-11-22T03:00:00,13.0,American Athletic,American Athletic,20.36,2025-10-25,00:00,model,30.0,
7016412,2025-11-22T03:00:00,13.0,Sun Belt,Sun Belt,44.25,2025-11-22,02:00,model,14.0,
6878559,2025-11-22T03:00:00,13.0,SEC,SEC,155.38,2025-11-21,06:00,model,144.0,
6886603,2025-11-22T03:00:00,13.0,ACC,Conference USA,6.27,2025-11-01,06:00,model,6.0,2025-09-13T10:23:17
6878492,2025-11-22T03:00:00,13.0,SEC,SEC,149.4,2025-11-21,23:00,model,103.0,
6957157,2025-11-22T03:00:00,13.0,ACC,ACC,54.22,2025-10-23,10:00,model,40.0,
6956911,2025-11-22T03:00:00,13.0,ACC,ACC,34.16,2025-10-28,03:00,model,9.0,2025-09-10T00:00:00
7024833,2025-11-22T03:00:00,13.0,Mid-American,Mid-American,28.63,2025-11-05,10:00,model,25.0,2025-09-13T10:23:17
6877396,2025-11-22T03:00:00,13.0,Big Ten,Big Ten,79.39,2025-11-17,10:00,model,69.0,2025-09-13T10:23:17
6877537,2025-11-22T03:00:00,13.0,Big Ten,Big Ten,43.94,2025-11-15,21:00,model,31.0,
7016339,2025-11-22T03:00:00,13.0,Sun Belt,Sun Belt,35.47,2025-10-25,07:00,model,23.0,
6878887,2025-11-22T03:00:00,13.0,SEC,Conference USA,17.0,2025-11-03,19:00,model,12.0,2025-08-27T14:44:49
6957011,2025-11-22T03:00:00,13.0,ACC,ACC,19.23,2025-10-23,06:00,model,17.0,
6957147,2025-11-22T03:00:00,13.0,Sun Belt,Sun Belt,61.7,2025-10-24,00:00,model,67.0,
6971138,2025-11-22T03:00:00,13.0,Big 12,Big 12,68.91,2025-11-08,23:00,model,67.0,
7017402,2025-11-22T03:00:00,13.0,American Athletic,American Athletic,6.0,2025-11-18,09:00,model,4.0,2025-09-13T10:23:17
6877469,2025-11-22T03:00:00,13.0,Big Ten,Big Ten,74.11,2025-10-23,05:00,model,104.0,2025-09-01T00:00:00
6877795,2025-11-22T03:00:00,13.0,Big Ten,Big Ten,82.88,2025-11-20,00:00,model,77.0,
6886633,2025-11-22T03:00:00,13.0,American Athletic,FBS Independents,15.41,2025-11-21,04:00,model,10.0,
7016003,2025-11-22T03:00:00,13.0,Sun Belt,Sun Belt,15.52,2025-10-24,10:00,model,16.0,
6970835,2025-11-22T03:00:00,13.0,Big 12,Big 12,50.9,2025-11-20,23:00,model,29.0,2025-09-01T00:00:00
6877384,2025-11-22T03:00:00,13.0,Big Ten,Big Ten,31.59,2025-11-07,18:00,model,17.0,2025-08-30T00:00:00
6956971,2025-11-22T03:00:00,13.0,ACC,ACC,102.99,2025-11-05,00:00,model,116.0,
6877803,2025-11-22T03:00:00,13.0,Big Ten,Big Ten,77.57,2025-10-24,23:00,model,46.0,
7016218,2025-11-22T03:00:00,13.0,Sun Belt,Sun Belt,44.25,2025-11-22,02:00,model,69.0,2025-09-10T00:00:00
6971047,2025-11-22T03:00:00,13.0,Big 12,Big 12,77.16,2025-11-08,23:00,model,69.0,
6971143,2025-11-22T03:00:00,13.0,Big 12,Big 12,31.71,2025-10-27,00:00,model,34.0,2025-09-13T10:23:17
7017552,2025-11-22T03:00:00,13.0,American Athletic,American Athletic,22.01,2025-11-13,14:00,model,15.0,
6886449,2025-11-22T03:00:00,13.0,ACC,Southern,19.34,2025-11-11,15:00,model,15.0,
7001687,2025-11-22T03:00:00,13.0,Mountain West,Mountain West,90.01,2025-11-22,02:00,model,36.0,2025-08-28T06:00:03
6862878,2025-11-22T03:00:00,13.0,Sun Belt,Pac-12,104.39,2025-11-21,15:00,model,52.0,
7016291,2025-11-22T03:00:00,13.0,Sun Belt,Sun Belt,22.27,2025-11-21,18:00,model,26.0,2025-09-01T00:00:00
6879121,2025-11-22T03:00:00,13.0,SEC,SEC,147.81,2025-10-28,11:00,model,50.0,2025-09-01T00:00:00
6879095,2025-11-22T03:00:00,13.0,SEC,SEC,46.42,2025-11-21,18:00,model,36.0,2025-09-13T10:23:17
6970985,2025-11-22T03:00:00,13.0,Big 12,Big 12,60.83,2025-11-21,10:00,model,46.0,2025-09-01T00:00:00
6970847,2025-11-22T03:00:00,13.0,Big 12,Big 12,23.83,2025-11-21,06:00,model,14.0,
6970965,2025-11-22T03:00:00,13.0,Big 12,Big 12,24.94,2025-10-24,10:00,model,11.0,
7017489,2025-11-22T03:00:00,13.0,American Athletic,American Athletic,26.73,2025-11-13,12:00,model,21.0,
6879909,2025-11-22T03:00:00,13.0,Big Ten,Big Ten,25.55,2025-11-11,00:00,model,32.0,
7001667,2025-11-22T03:00:00,13.0,ACC,ACC,19.23,2025-10-23,06:00,model,34.0,
7001845,2025-11-22T03:00:00,13.0,Mountain West,Mountain West,40.08,2025-10-23,05:00,model,22.0,
6879011,2025-11-22T11:00:00,13.0,SEC,Southern,58.87,2025-11-01,00:00,model,45.0,2025-09-10T00:00:00
7017187,2025-11-22T12:00:00,13.0,American Athletic,American Athletic,27.04,2025-11-22,04:00,model,24.0,
6878870,2025-11-22T12:00:00,13.0,SEC,Southern,60.24,2025-11-07,00:00,model,45.0,2025-09-10T00:00:00
6878830,2025-11-22T13:00:00,13.0,SEC,Southern,17.83,2025-10-25,10:00,model,12.0,2025-09-07T00:00:03
6878553,2025-11-22T13:00:00,13.0,SEC,Big South-OVC,22.94,2025-10-25,23:00,model,17.0,
6976371,2025-11-22T13:00:00,13.0,Conference USA,Conference USA,17.99,2025-11-22,00:00,model,17.0,2025-09-13T10:23:17
6976310,2025-11-22T14:00:00,13.0,Conference USA,Conference USA,21.1,2025-10-25,20:00,model,21.0,2025-09-13T10:23:17
6976467,2025-11-22T14:00:00,13.0,Conference USA,Conference USA,17.47,2025-10-24,07:00,model,23.0,
6976410,2025-11-22T14:00:00,13.0,Conference USA,Conference USA,18.33,2025-11-21,17:00,model,21.0,
6958435,2025-11-22T15:00:00,13.0,FBS Independents,ACC,54.8,2025-11-15,23:00,model,50.0,
6976294,2025-11-22T15:00:00,13.0,Conference USA,Conference USA,13.75,2025-10-24,03:00,model,17.0,
7001866,2025-11-22T17:00:00,13.0,Mountain West,Mountain West,19.57,2025-10-29,00:00,model,18.0,2025-09-13T10:23:17
7001645,2025-11-22T19:00:00,13.0,Mountain West,Mountain West,23.77,2025-10-29,00:00,model,23.0,2025-08-30T00:00:00
7024766,2025-11-25T03:00:00,14.0,Mid-American,Mid-American,34.98,2025-11-25,02:00,model,25.0,
7024747,2025-11-25T03:00:00,14.0,Mid-American,Mid-American,24.69,2025-11-11,10:00,model,24.0,
7017344,2025-11-27T18:00:00,14.0,American Athletic,American Athletic,36.14,2025-11-24,00:00,model,28.0,
7001695,2025-11-28T03:00:00,14.0,Mountain West,Mountain West,27.73,2025-11-27,08:00,model,28.0,2025-09-07T00:00:03
7017554,2025-11-28T03:00:00,14.0,Mid-American,Mid-American,26.91,2025-11-27,09:00,model,23.0,
6970896,2025-11-28T03:00:00,14.0,Big 12,Big 12,101.38,2025-11-27,23:00,model,59.0,2025-08-31T12:00:01
6877883,2025-11-28T11:00:00,14.0,Big Ten,Big Ten,113.05,2025-11-27,12:00,model,91.0,
7024798,2025-11-28T11:00:00,14.0,Mid-American,Mid-American,27.99,2025-11-06,03:00,model,25.0,
6879222,2025-11-28T11:00:00,14.0,SEC,SEC,42.18,2025-11-21,22:00,model,49.0,2025-09-06T06:00:04
6970873,2025-11-28T11:00:00,14.0,Big 12,Big 12,52.23,2025-10-29,15:00,model,17.0,
7024708,2025-11-28T12:00:00,14.0,Mid-American,Mid-American,26.93,2025-11-27,10:00,model,25.0,
7001921,2025-11-28T13:00:00,14.0,Mountain West,Mountain West,21.65,2025-11-04,00:00,model,20.0,
7001769,2025-11-28T14:00:00,14.0,Mountain West,Mountain West,43.99,2025-11-28,11:00,model,53.0,
6861599,2025-11-28T15:00:00,14.0,ACC,SEC,152.7,2025-11-15,00:00,model,132.0,
6878560,2025-11-28T18:00:00,14.0,SEC,SEC,358.63,2025-10-31,11:00,model,413.0,
6879232,2025-11-28T19:00:00,14.0,Big Ten,Big Ten,41.64,2025-11-05,00:00,model,34.0,2025-08-31T00:00:00
6879270,2025-11-29T03:00:00,14.0,Big Ten,Big Ten,107.12,2025-11-18,11:00,model,74.0,
7024738,2025-11-29T03:00:00,14.0,Mid-American,Mid-American,27.95,2025-11-20,08:00,model,30.0,2025-09-13T10:23:17
6877479,2025-11-29T03:00:00,14.0,Big Ten,Big Ten,113.43,2025-11-28,12:00,model,106.0,
6879130,2025-11-29T03:00:00,14.0,SEC,SEC,134.63,2025-11-11,11:00,model,83.0,2025-08-30T00:00:00
6878832,2025-11-29T03:00:00,14.0,SEC,SEC,270.17,2025-11-02,17:00,model,292.0,
7016405,2025-11-29T03:00:00,14.0,Sun Belt,Sun Belt,7.6,2025-11-22,23:00,model,5.0,
7017467,2025-11-29T03:00:00,14.0,ACC,ACC,52.64,2025-11-28,18:00,model,4.0,2025-09-01T00:00:00
6877401,2025-11-29T03:00:00,14.0,Big Ten,Big Ten,110.17,2025-11-28,14:00,model,106.0,2025-08-28T06:00:03
6957150,2025-11-29T03:00:00,14.0,ACC,ACC,16.84,2025-10-30,04:00,model,4.0,2025-09-08T00:00:03
6878813,2025-11-29T03:00:00,14.0,SEC,SEC,135.93,2025-11-08,10:00,model,17.0,
7017479,2025-11-29T03:00:00,14.0,American Athletic,American Athletic,12.96,2025-11-28,00:00,model,10.0,
6970943,2025-11-29T03:00:00,14.0,Big 12,Big 12,60.74,2025-11-20,23:00,model,50.0,
6886588,2025-11-29T03:00:00,14.0,ACC,ACC,83.12,2025-10-31,06:00,model,81.0,2025-08-30T00:00:00
6957002,2025-11-29T03:00:00,14.0,ACC,ACC,28.32,2025-11-28,23:00,model,21.0,
7016322,2025-11-29T03:00:00,14.0,Sun Belt,Sun Belt,21.42,2025-11-21,04:00,model,12.0,
6956891,2025-11-29T03:00:00,14.0,ACC,ACC,21.69,2025-10-31,10:00,model,18.0,2025-09-13T10:23:17
6879258,2025-11-29T03:00:00,14.0,Big Ten,Big Ten,84.19,2025-11-29,00:00,model,63.0,
7024790,2025-11-29T03:00:00,14.0,Mid-American,Mid-American,29.79,2025-11-24,16:00,model,27.0,
6970969,2025-11-29T03:00:00,14.0,Big 12,Big 12,67.96,2025-11-07,00:00,model,48.0,
7017498,2025-11-29T03:00:00,14.0,American Athletic,American Athletic,18.07,2025-11-25,04:00,model,8.0,2025-08-30T00:00:00
7016415,2025-11-29T03:00:00,14.0,Sun Belt,Sun Belt,44.85,2025-11-29,02:00,model,14.0,
6971164,2025-11-29T03:00:00,14.0,Big 12,Big 12,60.07,2025-11-20,15:00,model,40.0,2025-09-01T00:00:00
6863588,2025-11-29T03:00:00,14.0,Big 12,Big 12,104.06,2025-11-27,23:00,model,,
7016294,2025-11-29T03:00:00,14.0,Sun Belt,Sun Belt,29.73,2025-11-28,06:00,model,28.0,2025-09-13T10:23:17
6977519,2025-11-29T03:00:00,14.0,ACC,ACC,16.14,2025-10-30,04:00,model,69.0,
6956968,2025-11-29T03:00:00,14.0,ACC,ACC,52.64,2025-11-28,18:00,model,114.0,
6886523,2025-11-29T03:00:00,14.0,ACC,SEC,59.77,2025-11-28,23:00,model,50.0,
6970927,2025-11-29T03:00:00,14.0,Big 12,Big 12,28.3,2025-11-25,13:00,model,22.0,
6878493,2025-11-29T03:00:00,14.0,SEC,ACC,243.44,2025-11-29,02:00,model,137.0,
7017336,2025-11-29T03:00:00,14.0,American Athletic,American Athletic,12.96,2025-11-28,00:00,model,7.0,2025-09-13T10:23:17
6970947,2025-11-29T03:00:00,14.0,Big 12,Big 12,60.74,2025-11-20,18:00,model,48.0,2025-09-01T00:00:00
6956868,2025-11-29T03:00:00,14.0,ACC,ACC,33.18,2025-11-18,01:00,model,29.0,
6878677,2025-11-29T03:00:00,14.0,SEC,SEC,352.52,2025-10-31,11:00,model,87.0,2025-08-27T14:44:49
7001760,2025-11-29T03:00:00,14.0,Mountain West,Mountain West,17.49,2025-11-29,02:00,model,25.0,
6970918,2025-11-29T03:00:00,14.0,Big 12,Big 12,75.58,2025-11-15,23:00,model,47.0,
7017370,2025-11-29T03:00:00,14.0,American Athletic,American Athletic,25.62,2025-11-03,01:00,model,17.0,2025-09-09T00:00:00
6879357,2025-11-29T03:00:00,14.0,Big Ten,Big Ten,15.02,2025-10-31,16:00,model,12.0,2025-09-01T00:00:00
7016221,2025-11-29T03:00:00,14.0,Sun Belt,Sun Belt,44.85,2025-11-29,02:00,model,52.0,
7016398,2025-11-29T03:00:00,14.0,Sun Belt,Sun Belt,30.19,2025-11-29,02:00,model,22.0,
7016276,2025-11-29T03:00:00,14.0,Sun Belt,Sun Belt,18.68,2025-11-28,18:00,model,16.0,2025-09-13T10:23:17
6879332,2025-11-29T12:00:00,14.0,Big Ten,Big Ten,419.51,2025-11-09,08:00,model,360.0,
6868687,2025-11-29T12:00:00,14.0,SEC,ACC,147.23,2025-11-27,12:00,model,218.0,
6976348,2025-11-29T12:00:00,14.0,Conference USA,Conference USA,37.03,2025-11-29,02:00,model,20.0,2025-09-09T06:00:03
6976385,2025-11-29T13:00:00,14.0,Conference USA,Conference USA,17.81,2025-11-01,18:00,model,14.0,2025-09-13T10:23:17
6976500,2025-11-29T13:00:00,14.0,Conference USA,Conference USA,24.94,2025-11-22,22:00,model,25.0,2025-09-13T10:23:17
6976452,2025-11-29T13:00:00,14.0,Conference USA,Conference USA,30.93,2025-11-25,02:00,model,32.0,2025-09-13T10:23:17
6976490,2025-11-29T13:00:00,14.0,Conference USA,Conference USA,24.29,2025-11-28,06:00,model,24.0,2025-09-13T10:23:17
6976302,2025-11-29T15:00:00,14.0,Conference USA,Conference USA,24.97,2025-11-04,23:00,model,12.0,
7001897,2025-11-29T18:00:00,14.0,Mountain West,Mountain West,80.0,2025-11-29,17:00,model,34.0,
7001608,2025-11-29T18:00:00,14.0,Mountain West,Mountain West,20.58,2025-11-08,23:00,model,20.0,2025-09-10T00:00:00
6885532,2025-11-29T19:00:00,14.0,Big Ten,Big Ten,56.65,2025-11-29,11:00,model,27.0,
6883564,2025-12-13T15:00:00,16.0,American Athletic,American Athletic,531.84,2025-12-06,21:00,model,521.0,
7474843,2026-09-05T03:00:00,,,,5.27,2026-08-25,23:00,model,,
7384447,2026-09-05T03:00:00,,,,5.27,2026-08-25,23:00,model,124.0,
7415469,2026-09-06T03:00:00,,,,5.27,2026-08-26,23:00,model,428.0,
7384449,2026-09-12T03:00:00,,,,5.27,2026-09-01,23:00,model,549.0,
7384451,2026-09-19T03:00:00,,,,5.27,2026-09-08,23:00,model,144.0,
7415468,2026-09-19T03:00:00,,,,5.27,2026-09-08,23:00,model,,
